invoice_id,record_id,filename,vendor_name,invoice_number,invoice_date,total_amount,currency,tender_id,contract_id,supplier_id
c9b19aa5-bdeb-4113-bd4c-9b431db346e8,0,image_000000.jpg,,,1994-11-30,,USD,,,
c6077145-4ff8-49e7-8a89-f0c0ba77ad66,1,image_000001.jpg,INBIFO Institut far biologische Forschung GmbH UJ ia,,,,USD,,,
c0892006-3b99-419f-8df8-027e878e6fc1,2,image_000002.jpg,,,,,,,,
8ee8586e-1de6-4ae3-b226-28c3fa9631f2,3,image_000003.jpg,"LABORATORIES AMERICA, INC. j",t 812546,1989-02-06,,,,,
0f59fc86-c2bf-4073-8afb-cd3fac45f3f7,4,image_000004.jpg,,,,,,,,
dd022599-6e56-446b-84da-83c81bba8bac,5,image_000005.jpg,INCORPORATED SHORTRATE renee | TENORS,,,,USD,,,
c72895fa-f165-42ef-81c6-a558a0f0cf8a,6,image_000006.jpg,"J UNIVERSITY OF CALIFORNIA, DAVIS j",,2001-11-13,49710.15,USD,,,
d1f71710-225c-4ccb-9363-12301be7d202,7,image_000007.jpg,,,,,,,,
56495659-c6d4-4739-9a54-aa1ba6751409,8,image_000008.jpg,"CREATIVE COMMUNICATIONS, spot «1.0.",,1995-09-01,,,,,
1bda2a44-1a90-4565-8feb-db47f6c79667,9,image_000009.jpg,,,1994-10-26,,USD,,,
21ffda09-fb6a-4916-8995-bd7bf87d17a8,10,image_000010.jpg,,,,,,,,
e5ed7b24-9dc2-4c75-9529-9733172fe14c,11,image_000011.jpg,,,1996-01-10,,USD,,,
af0ff655-2b78-457d-bc79-4975b32266e7,12,image_000012.jpg,2 at co e o,,,,EUR,,,
3a538529-7247-4b3a-bcb5-c54b968bfcc8,13,image_000013.jpg,"LABORATORIES, INC.",1548-1,1984-02-01,,USD,,,
728083fa-acb7-4fd6-8c91-26682d916513,14,image_000014.jpg,e RESEARCH TRIANGLE INSTITUTE HA e,311T 3668-48,,60.78,USD,,,
cb4d56e9-d47c-47c5-8635-e57b03cca7cd,15,image_000015.jpg,,,1974-03-20,,USD,,,
3dc707ed-cbb1-4f5e-a973-9c9d875caba5,16,image_000016.jpg,,179,,,USD,,,
ae14c9ed-b121-412a-aeca-df4026f05f6c,17,image_000017.jpg,,,1997-04-11,,USD,,,
746a4edb-2390-4da2-8c8d-a27a6814e836,18,image_000018.jpg,o Brown & Williamson Tobacco Corporation .,,1980-02-29,,USD,,,
bd497bf7-cc91-4389-9216-e8636974fb89,19,image_000019.jpg,RESEARCH TRIANGLE INSTITUTE R oO,31T 2552-11A,1983-12-30,,USD,,,
b369fe35-d518-45b2-a5b4-d8ae71379702,20,image_000020.jpg,,,1996-10-04,,USD,,,
716896b2-09a0-433e-b0a9-74ee04d0ffb4,21,image_000021.jpg,6 Tobacco Company,,1997-02-20,,,,,
96aae644-772c-4b0b-bb03-51e6a82ed819,22,image_000022.jpg,,,,,,,,
09d3c996-00c2-42c4-8c5f-3b753fbb14d9,23,image_000023.jpg,,,,147774.13,USD,,,
adbc3d80-f4ff-4b39-a7bc-a4b9db0f1927,24,image_000024.jpg,,,1971-04-22,,USD,,,
b646dd7f-16e1-4646-88be-fe872035e249,25,image_000025.jpg,"pewerriy UL ABORATORES AMERICA, INC. . (703) 893-8400",,1986-01-28,2250.0,USD,,,
27a432dc-6478-4118-8a3c-4d7bded964a8,26,image_000026.jpg,"Adams Letter Co., Inc.",5035,1982-08-09,,USD,,,
d9ddd14c-b747-41d0-9b95-a40d99bfd984,27,image_000027.jpg,,,,,,,,
e724ea05-b027-4d7c-b7db-0a4a7f325b18,28,image_000028.jpg,Hele: geet tapwacl CRC - CONTRACT RESBARCH CENTER BVBA,,,,USD,,,
7aa299e6-027c-448c-8c2f-3132d9d86f16,29,image_000030.jpg,crc CONTRACT RESEARCH CENTER aveasprai,,,,EUR,,,
c2ff6a67-dd87-4546-82ea-dce80d3cf88f,30,image_000031.jpg,,,1987-07-24,,USD,,,
2ab99515-a8c5-491a-be29-97f4974eb38c,31,image_000032.jpg,,,,,,,,
64854eb8-f55f-4394-89a4-4bbaf97ecbd5,32,image_000033.jpg,Wt caries River Viga GmbH,,,,,,,
527ab378-cb8e-46d3-b039-652d15c9cb09,33,image_000034.jpg,,,1991-09-23,,,,,
fae7b23c-14bd-41f0-b599-4f88b768c5f2,34,image_000035.jpg,,,,,,,,
d89bf380-2e7d-4907-8af9-83e09212b5c8,35,image_000036.jpg,JAMES ROSS LIMITED VOICE,,,,USD,,,
fc7c9d92-5aab-44cb-be01-f8bcbddab367,36,image_000037.jpg,,,1997-10-06,,,,,
0c58633b-34d6-4d8e-b4e0-496b5b7d65b2,37,image_000038.jpg,,,,,,,,
df28888b-fd6a-471d-ad50-5db0a949331e,38,image_000039.jpg,Research § Development Department,,1974-03-22,5148.21,USD,,,
3f6d60f4-a4ba-46ff-9133-3d1bb97ec210,39,image_000040.jpg,,,1990-09-27,,,,,
23f4b8fd-a1fe-4ced-9ace-8d93a7ee18ba,40,image_000041.jpg,,,,,EUR,,,
7c740022-f33e-4968-b912-939a1ee46121,41,image_000042.jpg,,,1997-12-22,,USD,,,
26cf5ad3-d6c8-40a6-bac4-4b34e85aeee6,42,image_000043.jpg,"LABORATORIES, INC.",1544-4,1984-02-23,,USD,,,
8aaef467-d948-40d1-ab6e-94a4f9cf4097,43,image_000044.jpg,"LABORATORIES AMERICA, INC. ! roan eo9 b400",,,,USD,,,
0630efa2-9344-47fe-8d0d-c9a5b40a6632,44,image_000045.jpg,,,,,,,,
714c79d4-2f2f-419c-a22a-451f3d2805bb,45,image_000046.jpg,,,,,USD,,,
b83824bd-9388-4ce4-bd2a-6ab94e28fcab,46,image_000047.jpg,,,,,EUR,,,
961e0000-e4ad-42e9-a1d7-2d55da31c609,47,image_000048.jpg,4 Cassidy Company,,1993-12-31,,USD,,,
b724c58b-2532-4972-bf73-fdd3da1385c3,48,image_000049.jpg,,,,,USD,,,
54ef1c42-3dfe-448e-b94b-381eb937f506,49,image_000051.jpg,,,,,USD,,,
c83b4f48-9e31-4b46-b83d-4b06a659b22d,50,image_000052.jpg,,,1983-01-15,,EUR,,,
24bd95ba-3254-48e2-a2d6-36739ecbdc10,51,image_000053.jpg,"DEc 08 Rech shate* NEWSDAY, INC.",,,,USD,,,
66431004-e8ec-4220-89f5-0fabf23dae4b,52,image_000054.jpg,7 a : . . . at os 4 mT mate | in CATE = Our,,,,EUR,,,
db23070f-0691-4f1b-be63-ee4a9322f54b,53,image_000055.jpg,Location 00166 INVOICE NUMBER «=«1O1L78G-A,,,,USD,,,
854f2c91-28d3-4f28-9586-694db7da3204,54,image_000056.jpg,Liberty Mutual Tnsurance Company,,,,USD,,,
4a277f92-75bc-471e-9f7f-c05b3f38c58b,55,image_000057.jpg,"Ted Bates a comeny, inc /advertising",,,,,,,
a2f2a0d5-6991-4002-b737-618f6ee0bd90,56,image_000058.jpg,,,1997-06-03,750.0,USD,,,
0031b62d-cf7b-4765-b1bf-d390414d4659,57,image_000059.jpg,"Ted Bates & company, inc. /advertising",,,,USD,,,
fb79206e-ee24-40ed-872f-ca649bf09bdf,58,image_000060.jpg,"TO_COUNCTL FOR TORACCO RESFARCH-USA., INC.",,,,,,,
c416f857-5ef2-401c-870d-685c8b382260,59,image_000061.jpg,,,1992-09-07,,,,,
e6fa46ef-c918-48da-9f7e-4ac4fd837985,60,image_000062.jpg,,,,,USD,,,
3dbca924-7333-4295-bafb-cc21459dfe82,61,image_000063.jpg,HOWARD A. MARWIN COMPANY,,,,USD,,,
64a80917-9389-47fd-af01-00a3a7eba075,62,image_000064.jpg,,,1991-11-21,,USD,,,
a9badbaa-b298-4a39-9413-dc0823bc17fe,63,image_000065.jpg,ACCOUNT: Sports Marketing Enterprises,,1997-03-20,300.0,USD,,,
d4c94975-8d8e-415e-8eb4-077452ae7481,64,image_000066.jpg,Sopa) Res ARGS G CO ae ee it ak te “. alee’ tld Mee rena,,,,USD,,,
9bdf983b-720c-46d4-98ea-23e3f4402210,65,image_000067.jpg,,,1986-11-08,,USD,,,
beb93568-85a9-47f8-994f-3e7da85c5164,66,image_000068.jpg,,,,,USD,,,
add1bc0c-8d00-447a-8ead-352351aeb9ae,67,image_000070.jpg,"TeD BATES & COMPANY, INC.",,,,,,,
3448b717-6a07-47d9-83ef-6e3a5be3997d,68,image_000071.jpg,,,,,USD,,,
f471e99c-7341-475f-82e2-6239973d85dc,69,image_000072.jpg,,,1986-09-01,,,,,
fe7ef222-67b1-4cd5-8e82-f7ef7a82cdb3,70,image_000073.jpg,,,,,,,,
47679365-8abe-4e3a-b2e8-c2de5e419549,71,image_000074.jpg,,,1986-06-06,,,,,
80cfce5a-d8bf-4d3b-a6f5-2890fef40362,72,image_000075.jpg,,,1991-06-04,,USD,,,
96dc8f07-1e34-449e-b455-340c726e4a00,73,image_000076.jpg,,,,,EUR,,,
df6f0486-92c8-4953-ae5b-dcc5f8d06334,74,image_000077.jpg,,12241,1995-04-03,,USD,,,
dda7d8a3-7dd3-432f-a4c1-5689388a828b,75,image_000078.jpg,GROCERY CO. Prana: (HON O2.7 993 .,,,,,,,
3e3a9147-aa54-41d4-a23e-0743ee3707ef,76,image_000079.jpg,"Bozell Worldwide, Inc.",,,,,,,
a3e63fc8-1485-451d-9eae-22a1267fb93d,77,image_000080.jpg,,,,,USD,,,
d6b42fdc-a339-40c5-aa5a-6072d08cd7bd,78,image_000081.jpg,,,1995-05-30,,USD,,,
34231164-1f54-414c-bbf3-5bf508bf7991,79,image_000082.jpg,"To___HAZELTON LABORATORIES, INC",,,,,,,
c9cd20ab-c948-49eb-bda2-85cba61756f1,80,image_000083.jpg,,,,,USD,,,
9b05669d-7cfd-4dea-bcf1-4640af536034,81,image_000084.jpg,"2 POON oF 480 OURNSTT COMPANY, Ne.",,1996-05-03,,USD,,,
33d9ab0c-3c39-49d8-a87a-8777e138c0a6,82,image_000085.jpg,,,1987-04-20,,USD,,,
427a7db4-0840-446d-8598-95e5e27bf481,83,image_000086.jpg,CRC CONTRACT RESEARCH CENTER BV.BA/G.P.R.L.,,,,,,,
c1637b46-4c55-40f0-ad96-6267e5ab35c9,84,image_000087.jpg,,,,,,,,
965cd6cc-2e1d-4e44-bfbd-056a1041f4cb,85,image_000089.jpg,NBIFO institut far biologische Forschung GmbH il re,,1987-05-29,,USD,,,
8eb22065-69c7-487f-a643-b77a582053fe,86,image_000090.jpg,,,,,,,,
0df4d7ec-38eb-4089-9e44-0ef5211a68fd,87,image_000091.jpg,,,,,,,,
779a73ec-5b03-4769-9f74-14f2be059ae7,88,image_000092.jpg,CENTER FOR INDOOR AIR RESEARCH OCT 0 4 1985,,1995-10-01,,USD,,,
4789d318-7cff-4e71-bf8e-2762747d1112,89,image_000093.jpg,CORNELL UNIVERSITY,,1989-12-01,,USD,,,
e6b52514-7f8a-44c6-8964-263d29020ffc,90,image_000094.jpg,,,,,USD,,,
d0a827a6-bf4c-40ab-bbf4-a8895fc13bee,91,image_000095.jpg,"A Brvosion OF LE8 GURNETY CamPury, INC.",,1997-01-10,,,,,
4f90d5cf-8a65-4aec-b960-9411c0808db2,92,image_000096.jpg,PETERSEN PUBLISHING COMPANY ae,,,,,,,
778c468b-0734-4fa3-841d-6620f918ea72,93,image_000097.jpg,,,,,,,,
91837a67-3255-4331-9af0-e86c35040e1f,94,image_000098.jpg,"Walt Kisin Assoc., Inc.",,,1172.74,USD,,,
541e4fac-181a-4823-b372-4563ebacbc98,95,image_000099.jpg,"LABORATORIES, INC.",7021-1,1984-06-01,,USD,,,
8d6d1524-3514-4761-b6ab-76b46539de0d,96,image_000100.jpg,,ANA/PM3-97,1997-03-01,,USD,,,
58da6565-211c-4ebc-9522-73db7e08559a,97,image_000101.jpg,,,,,,,,
df7fef9b-e22a-45ef-af03-87041bd98d5f,98,image_000102.jpg,,3020016,1993-02-15,,,,,
86e820e0-2ce4-4d12-9f74-f7a8d43b2a39,99,image_000103.jpg,oe Shy TOBACCO CHEMISTS’ RESEARCH CONFERENCE aE: | Te ae,,,,USD,,,
