invoice_item_id,invoice_id,item_id,description,quantity,unit_price,line_total
c8b3f008-bc34-4578-8b8c-dbef509785aa,c0892006-3b99-419f-8df8-027e878e6fc1,,° a lg o iF,,,2.0
84a18728-342f-45e8-9b07-be6c5d05e359,c72895fa-f165-42ef-81c6-a558a0f0cf8a,,"ommerce Road Revised Invoice: November 13,",,,2001.0
beda06a8-eeb3-458f-be45-595cd44e8db0,d1f71710-225c-4ccb-9363-12301be7d202,,JH -8 AM TT,,,1.0
3113afe7-329e-4891-96f8-9192540b9717,d1f71710-225c-4ccb-9363-12301be7d202,,"THIRD AVENUE, NEW YORK, N.Y,",,,10017.0
73e22595-f0dc-4bb9-8c69-0613d4b24052,e5ed7b24-9dc2-4c75-9529-9733172fe14c,,KT TIt KS,,,15166.8
f3b422fa-779b-4d44-80b2-2c7b55aeb782,e5ed7b24-9dc2-4c75-9529-9733172fe14c,,KT ITI 100,,,15856.2
b92b3546-c080-49f3-b90a-19c0d7e885e9,e5ed7b24-9dc2-4c75-9529-9733172fe14c,,NPT STRP,,,344.7
522e018f-13e8-42b1-b928-d16c54f36045,e5ed7b24-9dc2-4c75-9529-9733172fe14c,,TRUE MEN K,,,11030.4
c6bde02c-671b-4850-9f74-4959d8faaede,e5ed7b24-9dc2-4c75-9529-9733172fe14c,,TRUE FIL 1,,,165545.6
643981c4-cfaa-4b80-98bf-989294dd20a9,e5ed7b24-9dc2-4c75-9529-9733172fe14c,,KENT 100,,,
04ba83d5-6eba-40b3-9c41-9c5d90a7a94f,e5ed7b24-9dc2-4c75-9529-9733172fe14c,,KENT GL KS,,,
2101610c-1de7-44b8-b1ac-c3fc71cf5ada,e5ed7b24-9dc2-4c75-9529-9733172fe14c,,KENT GL LO,,,139098.6
c1f98dd3-48a1-4cd6-aa0b-0b7bbf97d1bc,e5ed7b24-9dc2-4c75-9529-9733172fe14c,,STYLE SL F,,,18958.5
c535f1a7-1b43-4e7c-b359-c286dcf3e590,e5ed7b24-9dc2-4c75-9529-9733172fe14c,,STYLE Sim,,,255163.1
5f80b79c-bb06-4611-8ef1-85c76ad5a2b9,af0ff655-2b78-457d-bc79-4975b32266e7,,g 2 5a i,,,3.0
e3408230-cf46-4f80-9e2d-746edb802bd0,3a538529-7247-4b3a-bcb5-c54b968bfcc8,,os . GE) pay 4a,,,80.0
c4310e7c-a273-4b48-b474-aa6a4e6d1592,3a538529-7247-4b3a-bcb5-c54b968bfcc8,,ept. G,,,590.0
d6e19269-ea21-46e0-a518-aab08955a7fb,3a538529-7247-4b3a-bcb5-c54b968bfcc8,,Acct,,,44.0
8f1fdb32-759b-4285-99a1-df3e6d363a50,3a538529-7247-4b3a-bcb5-c54b968bfcc8,,": Rockville, MD 26",,,852.0
d95faefa-41d8-415d-aaa6-6b6c95b1d639,746a4edb-2390-4da2-8c8d-a27a6814e836,,"February 29,",,,1980.0
7ec91b0e-0ebf-4206-a317-29819f473a72,746a4edb-2390-4da2-8c8d-a27a6814e836,,"ouisville, KY",,,40232.0
4038f4ba-0f26-4558-a068-ce7ae2571b03,b369fe35-d518-45b2-a5b4-d8ae71379702,,SANSOME STREET SUITE 130 yan FRANCISCO CA weras TEL. al$ a7 4050 FAK 439 307,,,4080.0
fd7ccf83-55bb-47e2-9935-67df82f735ac,d9ddd14c-b747-41d0-9b95-a40d99bfd984,,"STOP AUBB. 22/26:G0rr1 OR. ALAM 6 4,. - at ovw : . 198 19",,,7.0
4913d9cd-3181-47af-baf8-a047ea84c30f,e724ea05-b027-4d7c-b7db-0a4a7f325b18,,"| 9301-0754 WEEDLE, 22 SS REPL $12",,,12.0
fc9e5b58-b5ee-42a7-b625-330ced3138d3,23f4b8fd-a1fe-4ced-9ace-8d93a7ee18ba,,gc 2,,,35.0
0464fa88-211d-481d-b86e-707dceccd63a,23f4b8fd-a1fe-4ced-9ace-8d93a7ee18ba,,urd g a [33 ran,,,3.0
83c36bd9-45da-4968-88b2-47dae8a1fb67,26cf5ad3-d6c8-40a6-bac4-4b34e85aeee6,,fuard soreeernernneee,,,188900.0
3c0fd65b-a36e-4a3e-a005-df61a04736a6,26cf5ad3-d6c8-40a6-bac4-4b34e85aeee6,,Billings to Date ------ <,,,141675.0
cb6fd16b-cc90-4c10-ac02-5597e6035c2b,961e0000-e4ad-42e9-a1d7-2d55da31c609,,GOODENOW 11/17 AIRFARE DC TO AL,,,675.0
02397c58-fa5d-48d2-bbe7-26e0c7ee6984,b724c58b-2532-4972-bf73-fdd3da1385c3,,AL ROM 0. s.09 Its. ba:,,,7.0
91c9124e-2699-44f4-9d44-0724ac9d9033,54ef1c42-3dfe-448e-b94b-381eb937f506,,osmu| mew | 0 * 0 +o . 6 Xs02.00,,,
b9efa5d1-a774-425c-8119-aba4e6497657,54ef1c42-3dfe-448e-b94b-381eb937f506,,+ o + -o - o Xe,,,
bf9e1e28-4372-4e78-8dc0-d4f9f2f2799f,24bd95ba-3254-48e2-a2d6-36739ecbdc10,,ACCOUNT NUMBER,,,10016.0
89c5592a-9cbe-41cd-9538-12050e6e25b8,64a80917-9389-47fd-af01-00a3a7eba075,,ABM membership fee 2. eee ee es,,,350.0
5b99a0c0-35b6-484d-82c7-deb4356e28d4,a9badbaa-b298-4a39-9413-dc0823bc17fe,,AMOUNT:,,,300.0
3f134eb4-6723-4cd6-97c4-64dc27ce553a,d4c94975-8d8e-415e-8eb4-077452ae7481,,et. Peat,,,2.0
cff47e83-249f-44d5-bcb5-f198169cd265,add1bc0c-8d00-447a-8ead-352351aeb9ae,,: OCRISS!0N,,,274.4
135fbc89-6a5b-42f8-bd83-c9733f9bf1ea,fe7ef222-67b1-4cd5-8e82-f7ef7a82cdb3,,HALAL,,,8.0
c6575a26-4a76-4775-a19e-46e8310d27f9,a3e63fc8-1485-451d-9eae-22a1267fb93d,,Administration,,,280832.0
5d564e17-72a5-4a18-b684-7f0d41bbd261,33d9ab0c-3c39-49d8-a87a-8777e138c0a6,,ACCOUNTING OFFICE LORRULARD INVOICE / STATEMENT NUMBER,,,150982.0
dd0e4205-74b8-44bd-af47-171c1d69a578,c1637b46-4c55-40f0-ad96-6267e5ab35c9,,ACETONITRILE HPLC 2.5L . 1 4300 43900,,,4.0
f6d42ec5-0a9a-4aa1-8018-d787444bf6f6,8eb22065-69c7-487f-a643-b77a582053fe,,D ms,,,2.0
16893d73-dffe-490f-8016-0f8c092c6b01,8eb22065-69c7-487f-a643-b77a582053fe,,F ‘§ i],,,3.0
bc4d18fb-456e-4fef-8e57-8347b8f6ba16,0df4d7ec-38eb-4089-9e44-0ef5211a68fd,,z © £ Oo « 3 HY w o,,,2.0
cf5a7df2-fe52-4ee4-bd57-1c4bae3e0857,0df4d7ec-38eb-4089-9e44-0ef5211a68fd,,° re) 42 xe Seb,,,5.0
6fd3e146-2654-46b7-821f-34c3d1147e3a,4789d318-7cff-4e71-bf8e-2762747d1112,,"Winterson Road, Suite 280 Received to date:",,,23024.93
c6c517be-c259-4fcc-a809-ff29b4b93486,778c468b-0734-4fa3-841d-6620f918ea72,,a| a fz,,,3.0
ab9e9ea1-8157-4a28-a0fa-627ca15b7c7a,df7fef9b-e22a-45ef-af03-87041bd98d5f,,ASE LEQ MERA SERVICE + U,,,5.0
748441f1-ceec-4d69-8a85-dde1fb6b2c4f,df7fef9b-e22a-45ef-af03-87041bd98d5f,,NATL AGENCY COMMISSIONS DATHTO MEDIA SERVICES D> ER (,,,333.4
