record_id,filename,description,quantity,unit_price,line_total
2,image_000002.jpg,° a lg o iF,,,2.0
6,image_000006.jpg,"ommerce Road Revised Invoice: November 13,",,,2001.0
7,image_000007.jpg,JH -8 AM TT,,,1.0
7,image_000007.jpg,"THIRD AVENUE, NEW YORK, N.Y,",,,10017.0
11,image_000011.jpg,KT TIt KS,,,15166.8
11,image_000011.jpg,KT ITI 100,,,15856.2
11,image_000011.jpg,NPT STRP,,,344.7
11,image_000011.jpg,TRUE MEN K,,,11030.4
11,image_000011.jpg,TRUE FIL 1,,,165545.6
11,image_000011.jpg,KENT 100,,,
11,image_000011.jpg,KENT GL KS,,,
11,image_000011.jpg,KENT GL LO,,,139098.6
11,image_000011.jpg,STYLE SL F,,,18958.5
11,image_000011.jpg,STYLE Sim,,,255163.1
12,image_000012.jpg,g 2 5a i,,,3.0
13,image_000013.jpg,os . GE) pay 4a,,,80.0
13,image_000013.jpg,ept. G,,,590.0
13,image_000013.jpg,Acct,,,44.0
13,image_000013.jpg,": Rockville, MD 26",,,852.0
18,image_000018.jpg,"February 29,",,,1980.0
18,image_000018.jpg,"ouisville, KY",,,40232.0
20,image_000020.jpg,SANSOME STREET SUITE 130 yan FRANCISCO CA weras TEL. al$ a7 4050 FAK 439 307,,,4080.0
27,image_000027.jpg,"STOP AUBB. 22/26:G0rr1 OR. ALAM 6 4,. - at ovw : . 198 19",,,7.0
28,image_000028.jpg,"| 9301-0754 WEEDLE, 22 SS REPL $12",,,12.0
40,image_000041.jpg,gc 2,,,35.0
40,image_000041.jpg,urd g a [33 ran,,,3.0
42,image_000043.jpg,fuard soreeernernneee,,,188900.0
42,image_000043.jpg,Billings to Date ------ <,,,141675.0
47,image_000048.jpg,GOODENOW 11/17 AIRFARE DC TO AL,,,675.0
48,image_000049.jpg,AL ROM 0. s.09 Its. ba:,,,7.0
49,image_000051.jpg,osmu| mew | 0 * 0 +o . 6 Xs02.00,,,
49,image_000051.jpg,+ o + -o - o Xe,,,
51,image_000053.jpg,ACCOUNT NUMBER,,,10016.0
62,image_000064.jpg,ABM membership fee 2. eee ee es,,,350.0
63,image_000065.jpg,AMOUNT:,,,300.0
64,image_000066.jpg,et. Peat,,,2.0
67,image_000070.jpg,: OCRISS!0N,,,274.4
70,image_000073.jpg,HALAL,,,8.0
77,image_000080.jpg,Administration,,,280832.0
82,image_000085.jpg,ACCOUNTING OFFICE LORRULARD INVOICE / STATEMENT NUMBER,,,150982.0
84,image_000087.jpg,ACETONITRILE HPLC 2.5L . 1 4300 43900,,,4.0
86,image_000090.jpg,D ms,,,2.0
86,image_000090.jpg,F ‘§ i],,,3.0
87,image_000091.jpg,z © £ Oo « 3 HY w o,,,2.0
87,image_000091.jpg,° re) 42 xe Seb,,,5.0
89,image_000093.jpg,"Winterson Road, Suite 280 Received to date:",,,23024.93
93,image_000097.jpg,a| a fz,,,3.0
98,image_000102.jpg,ASE LEQ MERA SERVICE + U,,,5.0
98,image_000102.jpg,NATL AGENCY COMMISSIONS DATHTO MEDIA SERVICES D> ER (,,,333.4
