record_id,filename,preprocessed_ocr_text
0,image_000000.jpg,"4 :
jr
ACCOUNTS PAYABLE VOUCHER BURT Foon 67 - We A704
D AMOUNT © TFET?
November 30, 1994 $421,000.00
ENDOR NUMBER 6 T BER CHECK TO BEB D
LE pcr, 1080
SSUE CHECK TO:
Weis Markets
1000 S. 2nd Street
Sunbury Pa. 17801
EXPLANATIO
Extend current merchandising and private label agreement from 9/30/05 unill 6/30/97.
AL TO - OTHER THAN PAYEE (NAME AND ADDRESS)
C.E. Moser
Div #1742
/L CODE TCO THERREQ.CODE TC AMOUNT
04-74-1700-8915-816 PSE 42,990.00 |
ee g
es z
>
PPROV UTHORITY REQUESTOR SIGNATUR x. cond
i]
©
~~ 165 $
ML. Buckler 1625 +"
1,image_000001.jpg,"| ee Neate TN
. INBIFO Institut far biologische Forschung GmbH UJ ia]
INBIFO Institut fir Biologische Forschung bd ere
, . Vertragsforschung
. : ‘ Kau fminnische Abteilune
| : . Telefon: (0 22 03) 3.9913
Telox: 08 874 675 inbid
INBIFD Inetitut {Or biologiache Forschung 0-5 Kiln 90 Fuggersirabe 3 Oresdner Bank AG Ksin
: “Kto. 3.922 741 (BLZ 370 800 40)
: . Stadisparkasse Kin .
+ Fabriques de Tabac Réunies S.A. + Spades Kan
Kto, 1320 82-506 (BLZ 370 100 $0)
CH-2003 Neuch&tel-Serriéres
+ the Zeichen
| Looe Ihr Schreiben
. : Unser Zetchen BA:RA
. Ret. No. A 0500/1049
So , Kain 30. duni 1975
] .
. Rechnung Nr. 75052 _ . :
_ 16. Tetlrechnung
. Betr.: First skin painting, mouse
Fur die im Monat Juni 1975
geleisteten Untersuchungsarbeiten
: berechnen wir a conto DM 31,496.--
, IR BIFO
. Institut? flr biologische :
: . Forschung GmbH
. nN :
. a
> oe
‘wh
: ~
> .
: ° °
. ao
N -OF-W
Qe
; Site Gor Gaselischatt: Kain HAG 387
Geachaltstuhrer: Or, med. Ulrich Hackenterg"
2,image_000002.jpg,"acy * m9. 38% oO. Pe are ci G a"" bas
Hy e qo |qos |g aa z ¥
€&e md f.a--[8 « an
3 8 #5 4 8 a 5
FJ § a) ii : zg
e fs ae §
a 1g .
a; a G 8
. hm nt hae o : we
ass . - . ss : WO UN ER TS PP -
358. E re ee ee eee Oe
fl q E cat an f pe x 2 1 “3 - ‘ a
gbee es : i rsh a j ee econ
* e< . a a : . re
- ¥ ~ . (Dp -
3 seg ee 23]
ro] Sx oo a be : : eB.
On |, #2 os AISIR 1.
adv eonre » "" wo mo rele an: Sa
| 38 Jose 2 Oe = - a Ls
s eee oJ z : ee) . ~ : -
OO ; i Sess HE ;
«eo mzeYae 8 2 & E
i Oo erocue a4 « :
a< . &e E 8 $
Q z a ~ ke 3 s|. ¢
xx ° a lg o iF 2
3 = ma «ia awa Ge :
29 3) TG"
3,image_000003.jpg,"@ HAZLETON Rerssue
: LABORATORIES AMERICA, INC. j
SSV0 NICHOLSON Lat, LITE 400, KENGNOTON, MARYLANO ZO8ES INVOICE
PLEASE SEND PAYMENT TO: INVOICE NO.t 812546 ;
HAZLETON LABORATORIES AMERICA, INC. USE THIS NUMBER i
PO BOX 25065 FOR CHECK REMITTANCE
RICHMOND, VA 23260 USA AND CORRESPONDENCE
BILLED TO: : DATE: 02-06-89 |
DR. J. D. HECK |
LORILLARD RESEARCH CENTER
420 ENGLISH STREET
P.O, BOX 21688
GREENSBORO, NC 27420 .
SPONSOR REFERENCE: i
IDENTIFICATION: PURCHASE ORDER NO.
HLA REFERENCE: i
PROJECT AUTHORIZATION NO.: 1480
COST CENTER: 6130 }
PROJECT NUMBER: 20988 i
SERVICES RENDERED: .
AMES SALMONELLA/MICROSOME REVERSE MUTATION ASSAY :
IN TRIPLICATE
HLA REFERENCE FINAL REPORT
NUMBER TEST MATERIAL MAILED VALUE ;
10532 0 401 A105 BF7-142-3 BF9-135-2 11-08-88 1,300.00
10534 0 401 A167 OR117~-89 41-15-88 1,300.00
TOTAL AMOUNT DUE UPON RECEIPT! = °
2-1C-$G @
Dept, ¥ 700 x
Acct. ¥111 ns
GENETICS ANO IN VITRO TOXICOLOGY OEPARTMENT ©01) 230-0001"
4,image_000004.jpg,"t vot ae teen poms Sn He lage gene
Soar: HAS 13 SE SR S48 378 ae
ee dae oe ee Oe i Sle er ee eRe
PrP A ey fale wa AE
ee eae Hi fae arate
FO ER ETN way de Te tea r ‘Edis ; cent - aa ge.
. i i pg 42 t ini i e mapets - £4+ ie
So rattled a are JAE ASEEES.
Pres ee Me caie Pk RI HEB
ITP Thebes (ere! op eer i ESL: FEBVE? oo
Valelsellgudcegl -- aaeeeyy Hiiiy
a a Be Ess al RE 8 He Piss
Pe A ge j ete ea doers
SN or rs cieeren age x cet i 3 Ee 7s =
a so Peas pis e ate. o. aol ad is mt a at i.
“Baas 1 PAE eee tg eae fers ies RIC GRA E eas
eae fee oe Leal ee geiem"
5,image_000005.jpg,"ec wwore ate |7_ 13-56 | VOICE NUMBER an . 8410 |
“INCORPORATED SHORTRATE renee | TENORS
RenORC 0822 INVOICE eee sere
212 950-4159 |
. Att: Accounts Receivables
om, __. I
ACCOUNT Hpeuse -vt vations pI ~ fp AtAQoe 36 FE00Y '
AGENCY Ai Wed, Midig Suiecs = WR |
REGION: _Vhevete _ necions CO/ _ saeswumnens O26; O26 | ;
ISSUE BILLED AT SHOULD BE :
DATE SPACE 12,54; RATE $7pRATE DIFFERENCE :
1G-€E J Be £, $90.00 SUES, 4, 578.00
oe
ae :
Bee
Lo a :
| 7 :
_ PM, i! Vaio. 44-9
:
A eee A
é [ace # Ifo Ft = i
a
oO eooxsomy_____—— ross amounr____ 4 57S 00 o
(CO s00k CORRECTION___.._ AGENCY COMMISSION 16% bh. 2 ,
X NOTICE TO AGEIY : NET AMOUNT i‘
rovore Clone A ln £ idhit APPROVED: ‘4
i) CATE -/ 3"" ay ;
Q aj= - Lf :
AGENCY 1"
6,image_000006.jpg,"J UNIVERSITY OF CALIFORNIA, DAVIS j
Accounting Office Roose biclide thas cena
Extramural Accounting iStoning clan nanibed 2
Clann NO XB58A32 22
INVOICE TO
Dr. Bruce D, Davies Invoice Number: §9280-1
Philip Mors U.S.A. Date: Octoder 22, 2001
4201 Commerce Road Revised Invoice: November 13, 2001
Richmond, VA_23234 Amount 222 SOB eee
Contract/Grant/Agreement/Purchase Order # #3314 SOE ORON) Scere a
Project Tite: Brain Mictovessel Cation-Chloride Cotransport in Cerebral ischemia
Pl /Dkector.
Department: :
IM nov 26 20) 1 ae
Hay
Amount due per agreement $49,710.15
Please Return Invoice Copy with Check PAY THIS AMOUNT>>>>> 0 SSE SAG IOI:
Remarks:
Cutstanding Invoices: .
Kitrleen Shere 2085534883
Certified by: Kothieen Hoss, Extramural Funds Manage
19 Regen: of The leinieedty: et Comlanrie Sn  l hereby Certly that ofl expenditures reportes (or payments requetted) ore for appropiate
Didivie, COloMnIG 954 16 Ene enemies"
7,image_000007.jpg,"} ~ om 3 : BP invoice
——- ranHam 1. wuss
733 THIRD AVENUE, NEW YORK, N.Y. 10017 ace EAR
(212) 490-1200 :
(998 JH -8 AM TT 1
BB ie ee LM REC SP CEL
TR gy BUN 1 0 Reco
@tLcews / LORILLARD
ONE PARK AVEes 17TH Fle '
NEW YORK» NY¥e ¥0016 , |
(ron aoverrisina in: MUNCI Es INe STAR-PRESS -- , ) wontn oF: MAY 1988 .
PE eroouctservice coor: : . .
: i ' EI ADVERTISER/PRODUCT j
MB OATE IRICOLUMN x DEPTH EGE m cross | GRoss TOTALAMOUNTS
e[m! s Hi ToTat | Ie] DESCRIPTION RATE , CHARGE I) GROSS | Net {
ET [ Ba dite ccmeres |
ARLEY DAVIOSON CIGARETTES ‘
LT 63000 ee
ee Q 4 ,
| a
, |, it ,
BE a * |
[[{ | eee ie | CE
ao | 42/2 oc | al Pie o
TT |) EEE Te
Sr 2
10
A
“TOTAL COLUMN INCHES | — “ al TOTAL GROSS | Bora wer ,
MAKE ALL CHECKS Branyham wo) 11569.25 | 10345476 |
733 THIRD AVENUE, NEW YORK, N.Y, 10017
RETURN DUPLICATE WITH REMITTANCE"
8,image_000008.jpg,": CREATIVE COMMUNICATIONS, spot «1.0.
. “CAROLINA CIGARETTE COMPANY
Onc Park Avenue, New York .
| New York 10016-6895
attn.. Mr, Roland Hammer
PRO FORMA we
FAKTURA &: —- -
(daiiovy doklad) (iT
vystavena due: °9.1.1995 splatnost:
zakdrka &: HOC - 100 7) detum pintuf: . 3195
evid.tas 4- ~ vyhotovit| — Marek Jakubovie
Hereby wo invoice you production expenditures of:
HDC- 100 ""Bott! ” . .
purchase of opevers, printwork 60,000,- KS
©
2%)
wo beeen
schvali): Pavel Fischl Zéklad dané: 60.000,- Ké o
DPH 22%
» URIGATIONS -
~ a ara wee Mezisoucet:
vo av G80 7F .
at, eed wlnane Zaloha: ty”
| | K thrsde [60.000
| PROKOISKA 8/296, 11800 PRARAL. CZECH RIVUBLEG, ‘31.: 02/8364 22, FAX: 03753 5074
WANKOUNE SPOJENT: 2EVNUSTENKKA HANKA. NA YRIKOOT 21 PRAHA T. 6 ln 2H TEE enero PAY Mund"
9,image_000009.jpg,"‘ 0s. 28676
015678 10/26/94 yoeenee50.00
Two Hundred Fifty and no/100 US Dollars
REPRESENTATIVE ELVIN L.
MARTINEZ CAMPAIGN CKTE.
WOLSE7H"" HOSLOOCOIO b2enOG edd? SoM
11750 10/26/94 915678
ee ees
a
10/17/34 PL PC $250.00 $250.00
71631-0298"
10,image_000010.jpg,"nN ——————eee
-' “AUTHENTICOLOR. tS
{| 27 Eact GR Sient, How York, ILY. 10017 Telephone (712) 067-7005. . |
! so = . an Invoice Wo, 50295 i
i a : oo. e a . .
miro - - | PTO .
‘ HeCann Erickson Ino... Xow pes . :
1 485 Lexington Avenue. . ad. xST. a San :
i] - New-York, WY 10097. °° - 3 Cire , ; ‘
| ‘\ arn SORES es
yo By ie ost en, | amram | otem |. 1) aNaem iT mt Car ACCT BO”
My - y - .
al para °
(3) Camel Cigerettes - Camel Pick - a tO
Man w/Cinzorette - Farmer w/Cap - Hra a(t T HG ° . . :
| w/Drilling Pipe - Camel Poster | :
420] 8x10 Comp Prints 24.90 “4 >a nn:
1430] Lixta Comp Prints 28.00 1 28.09 |
1 1450] Thx20 Comp Prints ~ 42.00P, ? Ra.an |}
{ 1955] 16x20 Additional Comp Prints 21.00 2 Hr .0o |
, 1460] 20x24 Comp Prints 53.00 1 Bo!
© WNG5] Aux24 Additional Comp Prints 30.00 v 5 EQ. |
{ S220 Ax10 Custom huplicate Transporenctes 60.00 ? \1Pa.00
Sub-lotel : 601.09 |
‘ Soles Tax or. + 20,048
: OTLET IFT Taray , 427,08.
| i> f |
| , Z
‘ w
: o
- 3
: o |.
i
+. .
| :
| me
| :
EOE ee,"
11,image_000011.jpg,"CUSTOMER NO. LEDGER DIV. VENDOR NOK CREDIT DATE
1742100019 31 0310 0000039354 01/10/96
SOLD TO SHIP TO
FOOD LION INC FOOD LIGN INC
PO BOX 519 6500 ENTERPRISE DR
SALISBURY NC28145 DISPUTANTA VA238%2
THIS IS NOT A CREDIT MEMN —- CHECK ATTACHED
QUANTITY
(IN THOUSANDS) BRAND NAME AMOUNT
‘ eee eee ------ --—--—
264 KT TIt KS 15,166.80
276 KT ITI 100 15,856.20
6 NPT STRP 344.70
192 TRUE MEN K 11,030.40
264 TRUE FIL K 159166-80
268 TRUE FIL 1 165545.60
216 TRUE MEN 1 1279409-20
312 KENT 100 179924240
180 KENT GL KS 107341200
228 KENT GL LO 139098.60
474% STYLE LT 279231230
S44 STYLE LT F 25,507.80
330 STYLE SL F 18,958.50
438 STYLE Sim 255163.10
TOTALS~ 3912 2249744240
LORILLARD PLUS DISBURSEMENT IS $1230 OF TOTAL QUANTITY ~ THANK YOU
GROSS AMOUNT - 57085260 NET AMOUNT - 5:985.60
GROSS AMOUNT REFLECTS LIST PRICE AS OF PURCHASE DATE
‘oO
an
oO
On
ww
on
oO
="
12,image_000012.jpg,"Tt Lad ar
ge] 2822 & ak
a , > tf Fed pal
3 see 3 € 2 5 & gE
= 8 eee 2
2 at co e o
2s s2
a & °
2 ee ow ww we =
& 8 ol}? g 2 wv wT Ts
Bs el* ]
a
Eg 9
8 oO
35 “| 18 28 8 8 é/e
a2 Sl- = -~ = = x
g3 cS & & & & aS
es g
3 55 ° °
= og
a = 3 °
8 ge zg 5 ¢ 8 8 alg
3 ro a 5 = &
3 g2 gas ft a a slg
2 8 © olf o - wo 3 gi2
es) 85 2
% 5 a
> 2m» .
a3 6 ”
x i
~ «
Hs zt o
z 38 je 8 8 = 8 Bs
Sa e5 gee & 5 & BE
Z ie ° lo
on c2
~ 3 = ot = NN GIO
38, Slo = N a gy a8
583 é
gs
cee
aes §
2&8 3
E20 g
orc > ¢ >
oS F 8 A
§>3 a° . 3 wy
se 8 8 z , § S
o 3 2 229 R
323 g 2 5a i 3
esi 22a 8 xy
€e3 r 5 2 F £3 x
gB8 22 @ g §
Bee e* fe: ¢
528 25s £4 3 2
232 e 6 8 3 2 3
E32 £& a6 Ss 8 2 «"
13,image_000013.jpg,"LABORATORIES, INC.
Bornston Uaboratones, Inc 4 pawl
$180 Beech Place ent P
Temple Hill, Maryland 20748 * INVOICE * Oh. ple
Telephone J01-899 15.40 Gi } a te WAY
Teles, 248838 - ‘ 2, n ,
February 1, 1984 ; [Oe
LORILLARD INC. (Ts iuw es
420 English Street Ch NE Mee ran |
Greensboro, NC 27405 pote ee
j  uegt Ferre
Attention: Or. Harry Minnemeyer i ‘A peri:
REFERENCE: | Purchase Order no/152-0) iy tdace atte .
BLI REF.: 211548 C_” . ; on
INVOICE NO.: 1548-1 ‘
DESCRIPTION _AMOUNT
14 Day Single Dose Toxicity Study in Rats with. 7-26, B-65, “? $25300-06-
B-106, 8-118, B-163 and B-165 @$ 2,050.00/cpd ‘ .
vos . GE) pay 4a,080.% for Blo
+ 4. Fi ‘
Dept. G590
Acct. 44)
REMITTANCE ADDRESS: @
Borriston Laboratories, Inc. o
OYNAMAC BUILDING °
_ 11140 Rockville Pike 4
: Rockville, MD 26852 a
un
PS]
* INVOICE *
A Subsidiary of Dynamac Intemational, Inc."
14,image_000014.jpg,"o> peck aprdsndert e
e RESEARCH TRIANGLE INSTITUTE HA e
OFFICE OF ACCOUNTING w
te F.0. BOX 12194
RESEARCH TRIANGLE PARK» N.C. 27709 e
: INVOICE
: e
rs , TATE! APRIL 27+ 1987
¥ TERNS: NET 15 DAYS e
By . INV. NO.: 311T 3668-48
on TASK NO.:
2 LORILLARD RESEARCH CENTER hd
On 420 ENGLISH STREET '
e GREENSEHOROr NORTH CAROLINA 27405 “.@
. _ ATTN: DR. L. H. GAINS
e e
FOR: INDENTIFICATION OF METABOLITES OF SYNTHETIC
e COMPOUNDS. : e
eo Cd
tl contract No.( Fo. NO. 36am O4%A4 aut
eo... x )
, PERION: MARCH 1987 ; -
e AMOUNT LUE: $2-Sh2eb3—= as e
e LAEOK CURRENT CUMULATIVE e
SENIOR PROFESSIONAL
0.00 HRS. @ $106.73 $ 0.00 $853.84
° MID-LEVEL. PROFESSIONAL °
1.00 HRS. @ $60.78 $60.78  $27887.05 ;
e FROFESSIONAL e
0.00 HRS. @ $34.66 $0.00 | 623.88
e : TOTAL $60.78 $47354.77 @ e
‘ »
e TOTAL [UE $60.78), 4 : e
Ad PLEASE RETURN ONE COPY OF INVOICE WITH PAYMPNT TO ASSURE bed
ee PROPER CREDIT. ine
@ @
ok! MAD:
e : —_ fe e
@ ° e
CH A// /
eo e"
15,image_000015.jpg,"aon Sees a a Pa Fe ae Bat aD lees Ba dere vad OBE ES
. DATE OF THIS NOTICE PATENT NUMBER
eo 8 ° () 9. 9
‘ORM PO-1091 NOTIFICATION U.S. OEPT. OF COMMERCE -
(REV, 7=73) PATENT OFFICE
BALANCE OF ISSUE FEE DUE
The total number of printed pages of specification in the enclosed patent exceeds the one page already
paid for in the Base ‘50. The balance due is 47
Y $, og (minus $10 paid with Base Issue Fee) =$_ . .
ws SPR ts
S g Nn PAYMENT OF THIS BALANCE MUST BE MADEWITHIN THREE (3) MONTHS FROM THE DATE SHOWN ABOVE. ™
8
~ ‘® ‘| Failure to pay this balance within the time specified will result in lapse of the patent.
it AN To expedite processing, please use the attached form PO—1031-C to transmit the fee. Where use of a Deposit
& a \ Account ig being authorized, both parts C and D of this form should be transmitted.
Y aN oF matty rps ye
‘ PAYMENT 1S MADE AS FOLLOWS:
Be poward W, Weel Esq.
oN) wats th & Kelton | 7 ‘hse s__——_oay
~~ N oonRer Sgt Deposit Account Number, tee
. OS 100 Park Av’ 40 —encioseoAP ORS kook!
aa y Nay Fror's « Hew York 10017 Check tor s40- enclosed? 08857 e
ce’ ee
——
B ~ YOUR FILE COPY 3-20-74 Howard K. Kothe
i a a a
a . = Be ° Gi RR SEE AE SSPE Pa SP LO ESt
fm)
&
Oo"
16,image_000016.jpg,"we € r |
WASHTECH
eT
. Washington Technical ,
TT
Information Group Ine.
77ers
John Rupp, Esq.
Covington & Burling
1201 Pennsylvania Ave., N.W.
Sth Floor
Washington, DC 20044
INVOICE
For professional services rendered during January $2,200.00
1989
NAME/TASK HOURS RATE
MYRON WEINBERG, Ph.D.
Management 2.60 $250.00 .
H. EDWARD DUNKELBERGER
Research 8.00 $65.00
Witness Activities 2.00 $65.00
SARA AGER
Research 7.50 $40.00
Support 3.00 $40.00
witness Activities 12.00 $40.00
For reimbursable expenses $768.72
Delivery $16.25
Information Search & Retrieval $456.97
Miscellaneous $195.00
Travel $12.50
Communications $88.00
TOTAL INVOICE $2,968.72
INVOICES ARE DUE WITHIN 15 DAYS OF RECEIPT.
PLEASE REFER TO INVOICE # 179
AND RETURN A COPY OF THIS INVOICE
WHEN MAKING PAYMENT.
WE APPRECIATE THIS OPPORTUNITY TO BE OF SERVICE.
2828 Pennsylvania Avenue, NW., Suite 305 © Washington, D.C. 20007 * 202/333-8431 © Facsimile Number 202/965-4081"
17,image_000017.jpg,"° -BEO BURNETT U.S.A.
* & PEVENIOG OF LEO QUANETT COMPANYS 100.
' ADVERTISING
. NEWSPAPER - ESTIMATE RECAP - PNOt
; \__pERTOD DATE 04/11/97
01/01/96 TO 12/31/96 PAGE 1
CLIENT: P.M. INC, — GFFICE: 10 DESC: 709A MILITARY NEWSPAPERS
EST Nd: 6004 REVISES EST DTD 03/14/87 .
TOTALS BY PRODUCT/MONTH
EST ANT EST AMT EST AMT
PRooUCT PERIOD AMOUNT CHANGE LESS ¢/D
~ 1O-MARLBORO FEB 1996 43,846.24 43,846.26
QUARTER 1 43,846.24 43,846.24 '
: May 77,719.87 . 77,778.87
JUN 43,726.98 43,736.98 :
QUARTER 2 121,516.95 121,516.58
wal 46,075.50 46,078.50
AUG 43,706.40 43,708.10 rn
sep 36, 147.62 1,607, 79- 96,147.62
+ QUARTER 3 128,028.22 1,607.79- 128,929.22
OCT 97,989.33 - 1,089.46 37,988.33
- Nov 32,987.32 32,887.92
Dec 40,957.66 40,987.56
QUARTER 4 = 491,834.21 1,089.46 141,834.21
ToTAL 403, 126.22 $18.33- 403,126.22
10-MAR RACING FEB #996 800.25 800.28
. GRAND TOTAL FEB 1996 44,646.49 44,646.49 ,
: QUARTER 1 44,646.49 44,646.48
may 77,779.87 77,778.87 7,
. JUN 43,736.08 43,736.88
QUARTER 2 124,516.85 . 121,816.88
. vUL 46,075.60 46,075.50
: AUG 43,708.10 43,706.10
: SEP 96,147.62 1,607.73 36, 147.62
QUARTER 9 128,929.22 1,607.78- 125,929.22
oct 37,989.33 1,089.46 37,989.33
nov 92,887.92 92,887.92
pec 40,957.66 40,957.56
QUARTER 4 9 141,834.21 1,089.46 111,824.24
TOTAL 403,926.47 516.39- 403,926.47.
&
. N;
_
FORM M-01 REV 06-382"
18,image_000018.jpg,"LEGGETT & LUSTIG RESEARCH, INC. 215 LEXINGTON AVENUE
N.Y, RLY. 10016
L . (242) 725-1548,
. 1° oo {
x February 29, 1980
o Brown & Williamson Tobacco Corporation .
i 1600 West Hill Street
Cc Louisville, KY 40232
Attention: Ms. Pam Clarkson.
7 LLR-126
RICH LIGHTS FROM VICEROY AD/PRODUCT. TEST
-——.
Partiai BALL cesses eee eeee ees @$27,000 eee
6k, PAL, Rae 3
Sdec 64 oe Wow \ WP ;
Se tg 2-1 gor p inet
o QB oe MC ~
YY oe & § ;
Brbré Ofrribina ~balibleshed BX Ziifes
ad _ _ ; S o ‘a re
SIS V0 2191 ce
ee / GF 6-33 ;
Dyldrche / IFS -
£4
n
: : DY
i=]
. wv
| g
iy"
19,image_000019.jpg,"t - cant shad i he ee Tee . - tae . va ati ete
or a Fagen

‘RESEARCH TRIANGLE INSTITUTE R oO

POST OFFICE BOX 12196 : LT
_RESEAREH TRIANGLE PARK, NORTH CAROLINA 273798 | . a
t } ad

. . INVOICE : ,

- Poe , DATE: December 30, 1983 4
nr fo INV. NO.:  31T 2552-11A oy ot
ar, ; Lorillard Research Center

_ Post Office Box 21688 . :
: Greensboro, N. C. 27420 ;
. “ATTN: = Dr. Harry Minnemeyer
: : Director, Research .
REFERENCE: (F.. No. 3273 OK _WY-
greement Dated 11/18/82 1-20-64
: Ogg. 440
FOR: .  Carbon-14 Syntheses cel. Wt
7 _ Technical Labor Hours @ $46.85/Hr. Accel Yl
_ PERIOD: November 1, 1983 to November 30, A983
-_ ‘TECHNICAL HOURS: © CURRENT CUMULATIVE , a
HOURS ""AMOUNT HOURS . AMOUNT ‘
: an 165.50 $7,753.68 1,640.08 $76,837.77
AMOUNT DUE: | (ss)
PLEASE RETURN ONE COPY OF INVOICE WITH PAYMENT TO INSURE PROPER CREDIT Ss
nN
: @ .
o..
(ose) Bar-eooe Faom RALEIGH, DURHAM ano CHAPEL eek
J s B e eeas ~ _ s - e s - - o- -"
20,image_000020.jpg,"er ee 2 a a Spe vw Tee et 0
_
TIM INVOICE
To: Me, Mark Walchak he jbl LU DATE: October 4, 1996
PHILIP MORRIS U.S.A. lp A ) PM #: 52052
[4 aj P.O. #: N84952
kwoice # 12862 Line@: 10
yoo # 12717 BUDGET: $1500 - $1875
TO PRESENTATION
FOR CREATIVE ANO/OR PRODUCTION PROFESSIONAL SERVICES RENDERED IN CONNECTION WITH
THE DESIGN DEVELOPMENT FOR:
Project AAA Master 61000 (N. Lund) Primary Packaging Reproduction Artwork Revision, Phase 14
PROFESSIONAL SEAVICE FEE” $990
OPC's (OUT OF POCKET COSTS) $436
TOTAL AMOUNT DUE $1,426
N
2
tavoice Oot voice & imoice Total
Previous Bitting History: an
ow
IF APPLICABLE, ADOITIONAL OPC's WILL BE BILLED AT A LATER DATE. Y
“PROFESSIONAL SERVICE FEE IS ROUNDED TO THE NEAREST DOLLAR. °
TERMS: NET 15 DAYS FROM DATE OF INVOICE. PAST DUE ACCOUNTS SUBJECT TO 1.5% PER MONTH
SERVICE CHARGE.
TONG MCKNEW a¢
1900 SANSOME STREET SUITE 130 yan FRANCISCO CA weras TEL. al$ a7 4050 FAK 439 307 4080"
21,image_000021.jpg,": 6 Tobacco Company
910-741-5000
Winston-Salem, N.C. 27102

February 20, 1997

Beryl Roberts Burke Campaign Committee

P.O. Box 382137

Miami, FL 33138

: Dear Representative Burke:

On behalf of R. J. Reynolds Tobacco Company, I am most pleased to enclose a

contribution to your campaign fund. This contribution is being made based on the

recommendation of RJR's Florida legislative counsel, Larry Williams, and is in

recognition of your willingness to consider legislative issues fairly and objectively.

, Your support of our country's free-market system will continue to create job

opportunities for the citizens of Florida. These qualities, as well as your leadership

record, are the reasons it is a pleasure to give you our support.

Please accept our very best wishes for your continued success. We at RJR look forward

to working with you in the coming year.

Best Regards,

yo

Joe Murray, III

Regional Director

State Government Relations

Enclosure

ce: Larry Williams
wi
i
Ww
2
n
wo
iJ
a

“We work for smokers.”"
22,image_000022.jpg,"w
: $
<9 + 2
e¢ ¢ rs
~ ™ .
- ¢ < BZ
~ ow a 2
es e ra
wa z ~
“ ¢ = xo
o
5 Z
Keccooeeccceccaceeceacoe! -
ee NENGOHOCONOTTORONOSTN NET OI +
= fi A ee a PD ed ee
= r- Zi SYnStSRe ae eORnneanawagaontl o
x ’ Sl SERLSESSS THN EseSesesserngs ¢ nn)
ow = f=} DRAMAS OGOLHMSIMIOMDEDSOOMNOD ¢ ~
= o =1 COOTER ERE RESO EE DEST EOD ° - »
»< < <1 REAGAN ENSTHOMOANNO ERE OED ° - 2
ezz - ~ = a a) RP
‘se z#e = do 3S gs
¢ 3 & SEE t 326
z 2 uu 4
esa we rey se ow
6 © & #ss ry =zwsu
oo & ao) = rb z«
€¢c @ une e ° =
zs . 9 2. @YOHTZEYKMAANA NOawwrsEL » iS)
t¢ , isMorn Em SK s «
2 St ‘oven aaxzuuzt gin BEaRee a >
“3 ze SESH re leFrSeSdd-* sat ews
$$ wenVOREELL ESS aes D - ”
y St Reewenwn re wu www ot
Zz) =e yeww Seeks mn 2
“tok e&reras ee E EET K HTS “2 6
- Sb FCreee errr ees sw ua swreger a Nw
or) ~ el Mux vere SERRE MMO EH eo . «
> 2 o
~ & 74 -
aoa td s
3 & z
~ a
< « ny “ cy
o r=) ot
~ - eee »
< es} rer
° HB agoeaoorvonneoe cgaNeonnat #3 3
e = - PT]
4 “ eel SRS SSR SERRA ASS SRE SR ResE SAL S x é
« -~ = sz + aw Ve ee tN = bon w zw
w 3} ib os u < &
om r-) n ‘ ‘ & f)
oN e - z ut sow
au = =“ ae a
_ o - ~ ect
s ~~ eo ow
- : o 8 a
* ” a S
S i > z \o
ze ye a“ 4 3 an
° Ooz 2 a =]
« ¢ £ex = = a
ws 2 <5 e r) <
zo fF UOxE S « o
on an = < “ n
& + 6 wee oy a
SE 2 26k 2 3 w
pe & ce = < ot
aa a cae « a
Be} x"
23,image_000023.jpg,"bg RST RR a AE Bee AND CADE see Bide nu i TARR A ETRE NAR GNA OS .
PHILIP MORRIS\U.S:Actitee tie: ead ORE SS pigeaayteee Ye a aa ae
120 PARK AVENUE, NEW YORK, NY:-10017-55925 U/ SOR anna: i e101 dase ;
Citibank, Delaware f'?1 Penn's Way .New Castle, DE: 19720 Chew pee ORS aay dE
rk Delaware Wa Cae Or RTE EM a
PAY One Hundred Forty-Seven Thousand Seven Hundred Seventy-Four and 13/100ths Dollarey"")_* een
gi ‘. Riess Haars. apie fe a bees cA Riieeowour
75*To The! NATIONAL MILE INL ep cee ge eid yah Mai. SAREE ” fue"" STESUNT fr A |
Order O ee eee Be EE od oe Ra
it, P.OBORGE RENE See MS ee eine | Oe Teer Cae 5
vias Frreeunontt toeeae PENNE AT oe PEC GUS ent ay {si
: ACL ee RRS ok fe She RET ERNEST ONG) ar RCM
_ ~ ye “FE: UAC DF THs CDOGSMER CONTAIKG AM AA TIRCIAL AIERMARK - HOLD AT AN ANSLE TO WEST
. 000695210011
w3258ase 8032200209: 385 28SOar
PHILIP MORRIS U.S.A. 325885, .
VENDOR VOUCHER YOUR REFERENCE NET AMOUNT
NUMBER NUMBER NUMBER PAYABLE
a SE eee
Y 90437: 147,774.13 .
. a - °
;
TOTALS $147,774.13 |:
, N
A Le ENC EES NS SEMEN SSD RU EEO ©
ee aE ee ee fot, ROR hy UR 2g, SCE Set ES RRS EY 2
BNar Sasa” agy * SManhiecay Sar in Cay semen ge ay se ace rye Stipe oleae 9} J 8
LORE NC Cee CCie” CCmmm ema) 8 ~
Ratooh Pe ARs ie ae Ate hus ESN ala Fg
par A ea Tee Spar nee serge sar SB Bar RRS See a
INT SI PART IT Ny en aR SRR iy Sar aay Sprrricay ay
SOMMEOE IOC SUG Moe SOR SOS,"
24,image_000024.jpg,"‘ADVERTISING mEDIA ESTIMATE AND SCHELVLE
Clie: BROWN & WILLLAXSON TOBACCO CORPORATION PenodiJANUARY-APRIL 19717
HALCKARK CIGARETTES
Coropiled by: wR
Extimeto No, 19%-071-A (2nd Revise) Dates April 22, 1971
ree a
. BROWN 4 WILLIAMSON TOBACCO CORPORATISN
. WAL MARK CIGARETTES
TEST MARKETS - QUTOOOR AOVERTISIN
NUARY~ APRIL
MONTH PITISCURGH MASHY ILLE TOTAL
Venuary $10,892.00 § 8,173.50 $17,065.50°~
February 10,892.00 6,173.50 17,065.50 ~~
Horch 6, 160.00 3,916.00 10,076.00 «~~
fort 6,165.00 1212.50 8,072.50 3/44
$34, 104,00 $18,175.50 $52,279.50
i
Appore: of tha imate to be andcated br spent and
seta, De dvplaee cope,
Rates qecaed are coemmet upon oceptance by weds,
oad ace wobec! to change by rds SOM carer.
Color panes ore ec-cewelletiec Accepied Cae. _-_——____—_
(Advrttucrt Meat ust ALE geit LPT Oe, tk. Coe
cemend fae feed buen os per edcement
‘Gah heceaas allewed ealy # past ehiten dxcoure pened KENYON & ECKHARDT ADVERTISING, INC.
NOPICE CP TE: chM IMAGE TS LESS CLEAR 7 7 7 0 9 :
THAR CINCS SOUTH, CT OES DLE TO THE
amy at ae PCOS ST ARE OC EOME 8 2 2 9"
25,image_000025.jpg,"ene . a a ee
SPAUHALSLETON setcmon
pewerriy UL ABORATORES AMERICA, INC. . (703) 893-8400
=o: see e200 LEESBUAG TUANMKE. VIENNA. VA 22180.U6 4
=n we
ae INVOICE
xe - _
To: Lorillard Research Center '
: P.O. Box 21688
Greensboro, NC 27420
Attn: Dr. Daniel J. Heck ° ,
— L I
noice Date January 28, 1986 parment Terms Net 30 days Theo Beriod
Project __699-833/642-304 z be zl SUD z Ending
7 Description me oe ; i : : oy Total -
14-Day Single Dose Subacute Toxicity ne : 4
Test Material: eis ay
A184 pe 8
Final Report Mailed: 1/24/86 Le nat ye sii
; Total Amount Due: $2,250.00 Eel 250.00
————_—_—_ UE ere oe
, ett age apt Daten
MM ihc tirg Leta!
i ee @
Fa Heer ReeEN
Remit to: P.O. Box 25065, Richmond,Va. 23260 it i / ey
RATHER HLEBLIIE
Siew. « = _.."
26,image_000026.jpg,"avosars - —_ . - oe eee
Adams Letter Co., Inc.
55 VANDAM STREET
NEW YORK, N. Y. 10013
pare AUGUST 9, 1982
INVOICE NO. 5035
ro; LEONARD ZAHN & ASSOCIATES, INC.
13 LINCOLN ROAD YOUR ORDER NO.
GREAT NECK, NY 11021
ROUTE
TERMS: NET
MAILING CTR ANNUAL REPORT 1981
769 COPIES MALLED
ENVELOPES ADDRESSED, BOOK INSERTED WITH RELEASE, CHEAD OUT)
AND MAILED TO Z-1 THRU 7 AND CTR-1,2,4,5,6 AND 7.
_ ALL ENVELOPES HAND SEALED, MAILED FIRST CLASS.
y7- shels 2 $322.00
TY TAX ON NY PART (29.60) 1.62
? POSTAGE 952.04
$1,275.66
DELETE: LOUGEE, JUDGE, GOLDSMITH, ROEMBR, BANTLE, MANNING.
MAIL REPORT ONLY--NO RELEASE
| DELETE ALL EXCEPT: AHRENSFELD, CHAPIN, COHN, DECKER.
DELETE: LOUGEE, HUGHES, WYATT, CAMPBELL, JUDGE, SPEARS, STEVENS,
. ° + BOWLING, WHIST, DURDEN, SUSTANNA, DUFFIN, TUCKER, KLOEPFER
| : _ BANTLE,
(DELETE ALL EXCEPT: CAHNMAN, FAGAN, KASTENBAUM, MEBANE, PANZER,
laa. SCHAFER. ©
i Paateed TO LEO ZAHN
7 725 RELEASES
df POSTAGE
ua 762 @1.22= 926.64
a 6 @2.60= 15.60 _
woe 2 Q@:3.40= 6.80
3952.04"
27,image_000027.jpg,". . : ws ° .
see TM A, 8 —
wre 7 as . Se .
. 7 E Gerderfapesonan 404 - 69030. UE UVEN - TEL (018) 26 AAT - Fan (016) 28.1861 - Tome Vel 22352 - HA Lowen 6172 -ATW 400.509.369*
ERD AW. -BITZ H Destellion ateowerkt dear ene afdetion R.P.Le ( eer se ae
a ene yt oo ow’ == ns ‘
WT NR ASO . mo dd Ca
FAKTOUR. | he rua tore” me a
30 dageh evade aun . ive SLG-§ . : :
Tee. : { Oaschrijving Came Aantal Geievo Prijs/etk — Kertingen. Mette bedrag BTW a
, * . . - . .
‘mati 90267 272 “Wer tendinganata 3: S675 van 20/09/90 Ref. TEL BEST 00 24/07 = Le CULLEN .
70 STOP AUBB. 22/26:G0rr1 OR. ALAM 6 4,. - at ovw : . 198 19 7
te w@ _ . . . : - .
1h eh eS ee a EE ALE LA Sse EE eC a
wee sade ake te NSE OTD Lee REL GENIE ey ne Pa ie Seer ce AES” Bt ERAT Ge ee’
. 5 RoSbea PA Moe 49900205 1 AES WAL: IO BODTOLS: 17'e PAR 0000007900. oe aT aS be ine RINE eb 5A)
eis: Le Re Saaan' nee owsaved aT bate ine ee BNE
BEARS rc, oy Srv a eT RL Bigeye es Leet gD eal ROD PAG NEL St, «1 2 OME BS
Vets ai LE CR ces isc SEIN a camera RET es oA i ESS
Ck ESE OW AE. Ya NG ES ie ADR ee 2""
. ide wasn Ds Serargler sree trewsie ese aiaiers way gets Rag naan cenit GI Oem he ie ee ae poe te 1
TR SERS De ee eee aS iy eo tiers 0 Et ertee A pba ee"
28,image_000028.jpg,"by HEWLETT DATE -If FACTURE / FAKTUUR
PACKARD sep ca ORIOINAL / ORIGINSSL |
HEWLETT-PACKARD BELGIUM 8.4./N.Y. . Page / Biz: afi :
Beclovard de la Weluwe 160 Welewedal = {
130¢ Bronetios ~ Oresest 4 . ane t
. t
Hele: geet tapwacl CRC - CONTRACT RESBARCH CENTER BVBA
Tex: 02/70 0613 TOLLAAN 101 C v/
10 1932 ZAVENTEM :
8c, wrust 0. Cruse. : Sis ™ . bell MAIL !
en: 310-0402701-49 BTW 435.085 .085 GISTER :
m : 8Y5-4107921-514 :
corvrca : 000-0017722- 68 {
Livreison / Levering ;
CRC + COWTRACT RESEARCH CENTER BVBA >
TOLLAAN 101 C '
1932 ZAVENTEM {
Vowe tatecence / Uw reterentie No facture / Nr faktuus Oate / Datum :
SL 22°21 [03 /ST Ea . WEVISCOL ES 55 7 al
Personne & contacter / Perscon te kontakteren Conations de paiement / Betsingsvoo wasrden ;
> pon Couterick TEL. 02/761.30.89 Widen’ some aid SS :
Commentaze / Kormentaar No contrat / Kontrekt
, No cde ># / Bestel ne He
ABR58-03859-0024 ,
: 840009618
02100 1 | 9301-0754 WEEDLE, 22 SS REPL $12 . $12
: 512 |
Vervoer ;
Cod ;
Verzekering * =
19% BIW 97 ,
Cash
EINDIOTAAL BF . 609
succssooss
i
“s KORTING 3% VOOR. KONTANTE ‘
BETALING (8 DAGEN). : . ;
o
> 5
Siictanetsnentsem emis wate estes | eter Soe Sate Mantis eee
Quakes ne present btre rhenportbce sens Peccord présindie d00 auterttiés op veerwsnrée dat Bj ot ‘votder aitpeveerd worden sender lecetenming
dee Ctate-Uve. . wan 60 overhoden is de Verenigde Staten. . t
Creeence de cor tetaation ne 657 Gy S160 ‘Vrije telling ven eet verkioving ar G67 ven 20/10/80.
E : i"
29,image_000030.jpg,"KL OUTGOING MAIL
4e QQH REGISTER
crc CONTRACT RESEARCH CENTER aveasprai |
~
Business Admmustraton B-1932 Zaventem \
: . TollaarvAvenue au Péage 101¢ :
Geadressserae/Adreseve: .
TELEFAX TelefoorvTéléphone: 02-720 55 94
Ageropa Tele texTélétax: 02-726 12 09
Rue Van Soust 258
. so JGB/MCM ‘ :
B-1070 Brussel. . .
. ; . 268 mDate. 4 dec.90
Bestelling Nr./Commande No.: DatumyDate:
(Qelweve deze felertes in isaer Weve op ce faktuur te vermeiceny
""* Weulled sens exception seprenare cette cetérence eur le facture) .
ORORTLAURA BALA DA 1b KARA RbIAaae «=8ankoopvoorwaarden: zie
NONE DOMMICE LAMCEREAAT HAA LAS: brief van 19 dec.89
POSITIE HOEVEELHEIO EENHEID ARTIKELOMSCHANVING PRIUS
POSITION QUANTITE UNITE OESIGNATION D'ARTICLE PRIX ,
y (BF
1 2 stuk © navul lingen 1991 voor agenda, ;
: merk Aderte, re. 53.1823, .
aan BF 310,- per stuk 620,-
2 2 set - tekutmarkers Stabilo-Boss in ;
‘ : 6 kleuren, re. 60.5170.66, :
: . .4an BF 265,- per set. §30,-
: 3 . 10 stuk tekstmarkers Stabilo-Boss,
geel, re. 60.8170.3, .
. @an BF 15,- per stuk : 150,- .
TOTAAL: 1.300,= y
. 50’ste week 90 — {i Ke 2 S
Loveringstermyn/Délai de livraison: : hie oa aan
4: franko diWan -Balcke
-ovenngsvoorwaarden/Conditions de liaison: . nagenene Accountant
30 dagen einde van de maand ,
Botalingswize/Mode de paiement: :
Mestecnappemme rotel: Zaventem, Seg 4.A.BA.C.8. B.T WIT VA Genoraie Banwaintes a@ Banque: . ° 5
Srége eocias: Zaventem, Beigique eco 306 . oF pag - - a4"
30,image_000031.jpg,"919 768 6768 , ,
CROTTS/SAUNDERS ENG. INC. TEL No.. 919 768 6768 Jul 24,87 16:09 P.O1
PURCHASE ORDER
¢ Crotts & Saunders ° ENGINEERING, INC. No. e7-09689
. 4000 Silas Creek Parkway ‘ v
FACIMILE COPY -- ORIGINAL TO BE FORWARDED Post Otflos Box 6068 es
BY CROTTS & SANDERS Winston-Salem, N.C. 27113 July 24, 1987
019/705-7250
TO: SHIP TO:
Palmetto Products Inc. Crotte & Saunders Engineering, inc.
Post Office Box 9919 _ efo Lawrence Transportation Systems
Columbia, Bouth Carolina 29209 4751 Benton Road
Winston-Salem, North Carolina 27104
ATIN: Tow Humphrey
. MARK FOR: P.O. €87~09689 :
Please ship the following a8 per thane instructions:
TEAMS. TT adn Bir F.0.8 , Sra VA CUSTOMER PURCHASE [CUSTOMER PUROHADE
Aiken Prepay and Add ORDER DATE ORDER NO.
Net 30 See below Sovth Carolina Beat Way
1 |250,0008| PPI glass fiber mat to be produced et Aiken, 8C for initial triel See below
(under Contract #87-760-043)
COXPIRMATION -_DO NOT DUPLICATE
NOTE: ALL SHIPMENTS MUST HAVE FREIGHT CBARGES PREPAJD AXD ADDED TO
INVOICE. INVOICE MUST HAVE COPIES OF FREIGHT CHARGES ATTACHED.
NOTE: SHRIPHENTS TO BEGIN THE WEEK OF JULY 27, 1987, AND ENDING THE
WEEK OF AUGUST 10, 1987.
Ore Se ee Comewe d be qvebune
Tr an rey Ne «SG. paper ericecu ,
wr wyeu 1
PRICE NOTE: YOU,HAVE BEEN PAID FOR TRE ENTIRE AMOUNT (313 lbs.) of
FIBER TO BE CONSYMER RUBEN EES, UNDER OUR PURCHASE ORDERS 67-0965?
AND 87-09658 AND, WE WIL 672,786 CREDIT FROM DIRECT FIBER
costs. .
PP1 AND CROTTS AND SAUNDERS WILL SHARE DIRECT MAT COSTS OF $163,100
(EACH BEARTNG $81,550). :
NET CREDIT DUE US (492,236) ve Wie Surmeyle
al
NOTE; ALL CONTAINERS MUST BE CLEARLY MARKED W1TH PURCHASE ORDER . &
#87-09689. PACKING LIST SHOULD ACCOMPANY BACH SHIPMENT. °o
NOTE: PLEASE ACKNOWLEDGE RECEIPT OF THIS ORDER CONFIRMING PRICE AND : Ee)
DE).AVERY PROMPTLY. . —_ S
Pivase promptly acknowledge receipt of this Purchase Order Crotts &. Saunders ENOINEERING, INC.
and Contirm Price and Delivery. . : .
_ emaunpomtmememmr gy  Mantue (2 Ext —"
31,image_000032.jpg,"cf
€
e C3 : DDO ~
£2 9 YP IMT. ee ee Pee
. e ot z . Bp ovseea TIN 4
3 n B13] woorins ’,
4 | 2. 9 Flas a
crag z a
S
ae >
‘ >» a a en.7a4
2 3—_ lo at
| Q . 2 : £2
; Q AN 3 0 ry wD ae
; 2 0 A ay oat
i ‘ ” H us ze
5 a 6 SONS ES
woke cz
: wf] BO an
J ca ree ge
a ap ms ze
4 oO acouw as
é . flo Rex -e
te] ¥ rent iene] oe
< H 3 nei? ow? -
2 ie Ps D>.o 2 Z,
rey EH Z| omse
5 H Elcoonee —_
<q 22 H vou oO
mx = tz] RE AY
= x ° t «| | zz ae ad
= has 2 = Las ies 1S ]
Oa <= is “xYOz2 | «
vue a-o a 1
< 32 | oo°0°0
Q° ered Fad ooco 2
ot wor ts ad | ol rere Fao 8 ie |
<8 wo a RI CR
at ple Sel Cet nn
ans) ;
i oO k=, v
' a LoD er a] Cetet et
‘ 9 em Qo a/3¢
' . Fe iS w ols 5
' at 3 vam t me 88131655
| a. zs 1S a8
: . : p"
32,image_000033.jpg,"star cnegene lt A mY ~n
Mee petey OUT or ee =@ EN =a} ay =
sgee weer Sa be TEE owe eatin
una : : “wre ns
~ vpae -
Wt caries River Viga GmbH
wasaer (Li des veresiaars fir die Porsenung
in SAU oer! et GG? Gb gece st8
feenninasanecee” lavaceter ee. he UFDGIS
Peron Sd = Nt gs a de bees Ca BS
AWILAAN fa: lejerscne:n
GAO CT AUENTOE _—— ee tenes cee
Nha ASil Uy Cot GeS OU ceder mite anqeoes
§ ——_—_—
ae | Sper-. tag-tue Sourngngg der ¢
Uleitye Patera La.us.3!
oe Rewe Dymo ~ Tyee og Tergangzarum
isle wb OL OP
siete es . se Crees TER IE SL SAMIC OS, Miyve ty
y sezeicn3a Sadliail Bere cre. od aoe Sei
C Aees ph hes TL OLE AD ae
hall an RAM NY
DDT Oo TL Neto
=nacevag nS
Van bar nierhaly 3O Tagen ab Rechounagdat m ima nere Zankvere seuecer
ssercrtsstand und Erfuilungsor Senwenturt Bank ‘ur Geme rwe'nsratt Some etic sco Ne. 1012 0058 ISLZ 732106
Rae Ger Srrweinterh MAR 1549 dom Bank Aad Warieenaton din fe (ORS OLARTIAD 7 FOUN DS:"
33,image_000034.jpg,"="" : FUNDAMENTAL AND APPLIED TOXICOLOGY
San Diego, Caltornia 9zi01 [. ‘o 209,
_
Editor Number Date of Receipt 09/23/91 tency pulmmeniente all .
Editor Name Ms. handling fee mc'd.____ sg
. o_o FUNDAMENTAL APPLIED TOROCOLOGY, ecrewtedge of Oe tehowing manvaxige:
1 . Cols Gaworset, , ARAM, As hal SE 8.5. Levies, "" ™
Author(s):
Address: Tahaletton yoxtco}. IT Res. Inst. .
USA
Tite: Prechrontc fabalatton toxtclty studies of (sobutyl atertte
22 . ) . ‘4 a
Pages; SE Tables; Fours; Symposium:
Type ot Articie: i a
emma erator Ont mn a oo waranty
Sincerely,
Edhorial Office
B4uvopey
f
: ras Ate \
7 . vb, qibe
i . ah:
kukurpl Yo 203 7 370 “E:
se am: Odd 2 1932 seum Jj
rm ne - oe ° toe
rv) - 7 be, carves o
q ren $
SAS Penis terme ; Me yee, £
POP O0OTIE: 73 4876 ke 0394 . a on"
34,image_000035.jpg,"_—— ee — eee
ax S0B° 390g WLlOl =«*
7 pte ag 29312213. KIRK OEY ESS 7 arm cates Pet
| Meee: OLAb tw, MANPARLE RO FDC. BOK ods GOCOYERR at eldSberece 2 pi Bhs Ks? s6Z¢
-f ""ee
DATE SF CHAAGE
| ADOARRZ RPE RENCE.
i RETURN FREIGHT. 1 WIVOICE #
; ' Oates _ | BATS OF awotSse
| COMPANY . coe Pe co en wt rr
Xv
{ amcuven sy _ p RETURN ACITEBRIZA DCH? ———— —
. ra -
i rg soe ve
_ Hid BL e- J PLY. 7 Ste “nen
——. comer emma + =F = a = NO. FZ CL Noo, —
A ferbmei F BYTLZI _ be etee ON x 3d-9 =
evan Sena eR ovenvesre Farac| 0 . {_
— +--—— eee a
ACY. # . TOTAL.
irene VaLlay VETET FR WAP ete ies CUO wow atra
: ia \ LNOMCITI eee, , .
Opp FR 'GR 135K PAGF. AMI
RAA AGHA AA5HGO) NHUOMGWH LC Glimi FR. 2 ade
i"
35,image_000036.jpg,"JAMES ROSS LIMITED VOICE - FACTURE
2211 PARKEDALE AVENUE,
TEL: 619 - 942-7734 sc -|
FAX: 613 - 942-6430 ae Park 500
3 4100 Bermuda Hundred Road
SE PARK 500 €) Chester, Virginia
$y Accounts payable — pe 23831 U.S.A.
P.0.Box 26603 3A
ve et wee (Taecmemn nn] eater)
recesses | #4930 rocsoes | 117-1 sea rez, [Dee 14/90] 9674
i
1 only “CREPMATIC”type
CDF 1005 DE Creping
Blade Feeder System
in 304 stainless steel
with continuous/
discontinuous
operation 273,685.40 $273,685.04
U.S.
Delivery: March 28/91.
F.0.B.: Gothenberg,
Sweden :
Ocean freight.
A SERVICE CHARGE OF 2% WILL BE APPLIED ON ALL OVERDUE AMOUNTS.
Quality engineered products for the paper Industry works wide . .
Produits de qualité, tout spécislement étuciée pour Tindustie du papier, dans le monde enter"
36,image_000037.jpg,"POLITICAL CAMPAIGN CONTRIBUTION REQUEST
Date: 10/6/97 State: EY Local: O
RECIPIENT INFORMATON
(Individual Candidate or Fundraising Org.)
Address P.O. Box 1101
Richmond, VA 23218 ;
Current Office and District, [
Lt. Governor of VA
[Paty | Democrat
| Leadership Position |
CONTRIBUTION INFORMATION
| AccountCode | AI FT HI- VAT |
Check Payable to Friends of LF. Pa 4.0447:
Address
(Only if different from address above)
Notes: FR. - 10/9/97, The Capito! Club,
(Date needed; fundraiser date; other info. | Richmond, VA Ea
Need check by 10/8 MA
\
R oS egional Vice President’s signature)
ad
K @ -
ACC TWANG (Senior Vice President's signature)
oe TH1640-0460"
37,image_000038.jpg,". t
{—-= ° Le,
. zs ‘TROP OSA OLE
: $ + fe] A$ tb. Sets
; 4 z : 8 MDT Beret oO ted
Fs z “toy “43
' ro}
H Fr
2 «i dw] oLonassros A
: z z te 5 ha THON OD ed ett tes coeeeeeees F3
§ ia a
, z 3a e 3 ey
re) NY a S i ” Ta 7 23
3 3 ™ g % oe NEO <2
2 oi ; ome rare So}.
' n Mop fou ett os Sd
> “4 ig are z¢
a . ~| NOT _— some at zo
J Pe 3a oN te 5
3 a Ieee etn ors fe
- wen yen en ee
5 AD tm ww lew Det LF as w *
v eee Sia) nar iid oe
< a A AE Sm al
oD resis y
> he veda DoS tty z
z ‘wOaBney ve -
Sour tem ou
a . au Ro tne o
= . 7 YL t lope Oy; -
rs) ir Wot teats mA n
a ° Zot tw et a :
Oe ee, Zeotoeew strays — i:
< : ces ze i
< _& ocsos a |
Ag _ ""so ocsos fake) :
<8 28 : SSSESRETSS Tn Le :
4z oe a SUNY Geas 2 | ln :
fava wot eee ‘
OQ. > ora = aa
ai. sak ; Fors er ; :
7 @ res g £133 tog a ;
a Q bet ¢ aE . .
on 3 :
g- Ee >i3 8813204"
38,image_000039.jpg,"ee hae ee ane, - sitet mshi —_ _— * - -_. - ‘, -
“ j March 22, 74
. t
° Ragnar Rylander, M.D.
, Research § Development Department
Consultation fee January-March, 1974. $2,250.00
. , Expenses in regard to consultation (January- $2,898.21
March, 1974) TOTAL $5,148.21
Please send check to R&D by March 27, 1974.
t for transmittal. . soe
1
|
i
PLEASE GIVE THIS CHECK TO Dr. T. S. Osdene FOR TRANSMITTAL.
|
t
i)
'
i
i
| 2
a
OQ
=
Hi w
| ®
4 °o
x]
Hed
|
i
. d"
39,image_000040.jpg,"eee Cee it Pare A Enel Shh te Oe ere
aes can ere a ca aie! es ee xs iL Srde Fe Se hie BESO VIS TIS) toe ae
ae SEPIA Aras FROM COB Lee DC BODE EZaI To P.O3
ee a errr
NES eae Se BAERS: SR icereee Nae BOT ee VENTS RUN OA eg
| eeaRetepee 5 ; 10378 Oemoeney Lane ,
~- ee I kathy Buildings Interational ine. Faitax, VA 2200)
= y Bu icings | « . (703) 382.0102
ae roe Telefe (703) 382-01St
aa Covington & Burling
- 1201 Pennsylvania Avenue, N.W, . : :
- ' Washington, D.O,: 20044 . a .
. a re mo
. ; at MORENS — CHODET ;
; yh SATE September 27,1990
OUP EF: Mr. Jatin Rupp
' ee Ante al AiO: 5 a ty. CO TC A AN A RE ar So, ord : ae
PRU Morels — B61 Magazine
: To tho inttlal set up and first petnting run of 150,000 coples of
. the HBS Magazine es per discussions with Mrs. M, Pottoef(,
. Printing and production te be by Mercury Press of Rockville,
: Maryland,
. ‘
: doiet | + now dua for payment... ey shea £45,000 —
on _Pot HBt tn fe Cy
‘a . . . “ ons a . cote * toe * a * ad
: vai ht rae ; eof. . anya $ ge
, Gir ARAL STC RS SRD oT Be eRe Be PS OE LY wae a
: Sit eR Oa OCS pont os ae “ a"
40,image_000041.jpg,"fn
c
b
. as enucece
5 oY lof: ecrtecc es
a GUISE SS S.8. ee ee
iy “ lu S z Caauves
! ee ev fofeccrec
| be] Ros Qf ifxewnoe
= ct E ca
&
6
[ x
g >
> - sl[yjoccecc
g he ay.
| z z BO |S ys aaa 3 z
io a
| 2 i= a (3 <3
2c : = ze
1 3 gc 2 = 35
t x es le ¢ nN al OG
i os Ds iS in a ze
’ a et Ss cs te x9
1g BS - ore ez
. - a zy
. > 22
t y a! the oe se
' ‘ = i 2 e %
‘ had —r% ~ bo
\ g Sat =z ee
! is Roan ef &
t c io bad 2 ho »
' > o , 3 eelo ing iow aad
a . f4 roaes ‘S a)
. q oa = oe cx oO
/ gf be 2s a eee c
is “< o sc sez22 ats ad .
' uae ax rae are as Nn
Oa <= Fe zoxuux TN | ;
wr c-¢ =—
< ss e ccerte zz [A ,
Qo coz cm cocao ony zs.
<8 we = POY S weg Aa 2°
az yor Nee Gn “ee [ale |
a x « zxe <]? :
a rok tes 4
Oo -T EF yg . aca |W “k
ar zoos 8 af Xeae Ss = ‘.
2 urd g a [33 ran 3
a: 3 CxX> ¢ = i wu :
* Zris =
. « 6 *~ 881.
€ 3. 31560 lo"
41,image_000042.jpg,"eee ae a re toate ae Sen “i
Robert W. Crandall
5100 38th St, NW
Washington, DC 20016
Tel. No, 202.244.0056
Fax.No, 202-364-1412
December 22, 1997
INVOICE
For consulting services provided to Brown & Williamson in November 1997 on the effects i
of the proposed tobacco Settlement on the U.S. tobacco industry: i
\
yo.
Lt 3
32 hours @ $400/ hr. = $12,800.00 . 3
&
Fl
3
N“ :
eo:
8:
oo |
4 i
Nn!"
42,image_000043.jpg,"” BORRISTON
LABORATORIES, INC. :
, Borriston Laboratories, Inc.
: 5050 Beech Place
Temple Hills, Maryland 20748 * INVOICE *
Telephone. 301-899-3536
Telex 248838
February 23, 1984 .
LORILLARD INC. ; ;
420 English Street
. Greensboro, NC 27405
: . Attention: Or. Harry Minnemeyer _
. REFERENCE: Purchase Order No. 341C
BLI REF.: 211544 -
INVOICE NO.: 1544-4
DESCRIPTION oe AMOUNT
AMOUNT
90-Day Subchronic Toxicity Study in Rats With 0-14, $ 47,225.00
0-15 and D-20
fuard soreeernernneee-= $188,900.00
Billings to Date ------ <141,675.00>
Balance -------------.. T2505 ‘
REMITTANCE ADDRESS: °
. Borriston Laboratories, Inc. S
DYNAMAC BUILDING ©
. 11140 Rockville Pike bY
Rockville, MD 20852 g
* INVOICE *
A Subsidiary of Dynamac Intemational, Inc. . ; ;"
43,image_000044.jpg,"- . o Ovk aRe.. 4
> eceggs
HAZLETON
@ LABORATORIES AMERICA, INC. ! roan eo9 b400
ROO LEESEUAG TURNPIKE, VIENNA. VA 22180 USA
INVOICE
r. --
To: Lorillard Research Center
. P.0.Box 21683
Greensboro, NC 27420
Attn: Br. Connie Stone
— L _)
inoce Date December 2.1985  Paymen, Terms._Net 20 days —___ Thre Patios
Project 642-255 a AR) 156. Ending ——_—_______—
Description — | eet ae ~ oe a Total
4 : ,
Bioassay of Cigarette Smoke Condensates i beg vot
Invoice as per billing schedule: $11,280.00 ao oe
ihe aes th &
TLS a eG
Remit to: P.O. Box 25065, Richmond,Va. 23260 Ea
HL FOM ID. ”"
44,image_000045.jpg,"i te eR So aee
7 areas 3 rs einent, edeaes fab pea
. | SO 8 :
Se a EEE Ml, ples
RB alae ear ne NS
Ee eI . - | se pane Boeke g th ve
mS TES 2 72 66S 8,
teen eed OT sag me
Re ee Oye =
+ Up MEN OS ae STE ee a> 455
SRE 8 Ga EL ae ate
, See Sie Poe REED Movs
ERS: OE a ee eater Ce ie T updes
feo, eee Pames! opts t . vay
tees Era er La aes Garo SEE PONS va ase
wie ER AEG R eT | ne
Bo Gre NER eae rt: —
TRS Rp oe -
Ly SERED “se ee ES
DBE fe sot pts EAS =
: “TARAS ee Pk ee Get :
Bare eet we net te
OR YT BSA te SE cee
“Ee AP aie el “+
Batak Gea rk re eos RTT a toe vo .
CREAN EER MIC RY; Let en
. : Bede pere he Tse veg dete ES JR tance
: a an ee Sas a Bey eek % eS CaS ee"
45,image_000046.jpg,"N $ MacNAUGHTON LITHOGRAPH COMPANY. INC. 585 Winsor Orive, Secaucus, N.J. 07094
| ; Tal. (201] 866-8800 N.Y. (212) BR 9-0220
To:
The Ausricen Tebscce Conpany Janeary 15, 1985
345 Park hvease
Kew York, N.Y.
TERMS: ygy
CUSTOMER ORDER NO. 91 =~ eta 27 -/6/ INVOICE NO, 29791
GaRurom 14 X 45 PRINYSD BULLETINS
PREFAID TRANNP. ~ per lists & receipts attached 3 6436 «617
VENDCR “ey SALES Yak OF GO DEL. IB W.3, (9456.00) 27? «(42
Po]
ay TOYAL $ 68 (ss
no _. -A
; a *YPE] Digg,
re bred a ZL _aceo:
| | ATE id F595 rug i
lenacs ¢ ” a
S g We OD928 Sage
Mee 3 CASH ADY,
Coot PANSPORTATION FOR
wAL | ina ES ARR D PAY ENT ;
| Prd ‘MMEDIATELY, me oe TED
a"
46,image_000047.jpg,". . . ,
‘ 1842
. ;
. s
, ‘ . a . .
. ‘ “ : ,
hed ‘
. . , ‘ , .
di GénéraiodeBanque' temas cwee) Coutigen ty eur #ttnagine ;
4 SA @RUXELLES RC470036 .
me TN TRE CONTRACT RESEAREM CENT
[Wps sce ---~——~-Yossoross1t-—-~ [foutaan 101¢ .
png LLL ALLA -sreve .
1 mi one pan / Oo, THE PRINCESS CHUL AdMudi
fii USS. 90LL AR SCIENCE CONGRESS TI IN BANUKOX
q ! ., 350.000 : ,
6 i, * ded eo . Serpe 70 / Revtaean berta / Crosse uve Semgwe Son :
{, Generale Mink — CHASE/GB CHECK/DISBURSH.AC NEW YORK
SA OkUAELLES RC 76036 ; 1 CHASE. HAN TTAN PLAZA
ape me 108 1 RED YORK ONY Usa
1105792 . : . .
© oe TT ee ( ARUSU3 50,0050 [ a
tests moe | nem samme HREECF IVESLERDOUSE ZERO CENTS
BT nee  ... 10356005917 goa or TA
| : 7 mento oo > PRT NEE SS THOLABHORNS wo
ee 4 f: E CONGRESS ll//
pat aT . - . / O FACULTY OFCLENCE, MAHIDOL UNIVERSITY
3 fia’ er RAMA+6 ROAD. BANGKOK 10400 THAILAND
o 5 ee Se
ry iat ¢ 0A rermornamers | Ae Mrgomaane in mrs meres: Lum Mayen
afil 4 ; REMB. GENERALE BANK HEAD OFF 2RUXE Ling
| Rewer 08 tren 1 veer oo ware / Fer Gah enn Only / Vemmane ou Gane Go. 2 - OL Tie . S
. MOO 1087 : , os . : . ~,. . . 5
~~, °. . ry
. od ow 7s , . . an
. . . ° oto MH, . . -"
47,image_000048.jpg,"‘ i
to.
4 Cassidy Company
RJREYNOLDS TOBACCO Co. INVOICE a 2568
401 MAIN STREET
RB-i8TH FLOOR December 31, 1993
WINSTON-SALEM, NC 27102
PAGE 1
ATTENTION: MR. TOM GRISCOM RIRG6S
EXECUTIVE VICE-PRESIDENT YOUTH MARKET #1
BIRMINGHAM
PUBLIC RELATIONS AND CONSULTING ON BEHALF OF
RIREYNOLDS TOBACCO CO. ,
. FOR THE MONTH ENDED December 31, 1993
VICE PRESIDENT / J. SUTHERLAND :
: 0.28 HOURG @ $200.00 50.00
ACCOUNT EXECUTIVE/ S. GOODENOW
0.73 HOURS @ $100.00 73.00
DESIGN ASSISTANT / J. BAILEY
4.00 HOURS @ $75.00 300.00
oo ae co # 428.00
REIMBURSABLE EXPENDITURES:
COMPUTER SERVICES 49.19
ADVANCED LASER GRAPHICS 93.73
DUPLICATING . 19.61
TELECOPY . 46.64
LOCAL TRANSPORTATION 67.00
BUSINESS MEALS 42.04
MESBENGER SERVICES 480.25
POSTAGE 2.48
TELEPHONE 148.43
8. GOODENOW 11/17 AIRFARE DC TO AL 675.00
8. GOODENOW 11/16 THE WYNFREY 105.84 .
GIRARD VIDEO, INC. 320.03
VIDEO MONITORING SERVICE 395.10
% 2,447.34
TOTAL AMOUNT DUE s 2,872.34
Suge eEEEseee 2
e
. wo
ao
vy,
. w
~
— o
700 Thirteenth Street, NW Suite 1000 Washington,DC 20005 .
Telephone 202.347.6633 Fax 202.347.8713
7 —_ - Se"
48,image_000049.jpg,"~
’ THE Ritz-CARLTON
te BUCKHEAD
» . -
VSEET ASIOUNT
‘Tue RITZ-CARLTON
Row +
a LATION PFT ID | eacz}
PROTON RATE 1 ARRIVE Tanase Fae? ACCOUNT | AFAILATION fpr] ID | pace]
$35 $9.00 10/26/33 10/31/35 192557 3 M2309 2-CVST 21 EDP 1
(ee
| ZEMNANEK “GAN ALL CHGS TQ MASTER ous? 1/6]
| C/O ANA LEATRO CEP
120 PARK AVENUE
NEW YORK RY 16017
—YO26 Z2t GS26 TES Rao SERVICE ea.tt Seta LD
jl 1026 112 mM ROOM 50.00 721k)
@ 1 4026 Sit ra ROOM TAX 4,00 Feith,
4027 142 AL ROM 0. s.09 Its. ba: 7
: 1027 Bak GLA ROM TAX 4,00 LBG.314
_ 1028 112 ALK ROOM 5o,00 ee |
, 102% S24 fi ROGM TAX 4.00 132.11!
{1027 224 4207 ZZZ ROOM SERVICE 6.15 199, 24)
i 1027 112 Me ROOM #9.00 280.24)
1029 BLi mM RUCM TAK 4.00 246,24) :
""1080 112 ALK ROOM g0.00 BIS, 2H 0!
1 £0307 S12 ALK RGM TAX 4.00 208. 24! :
'
i
i |
: w!
a ~n .
os
‘ 2
=:
$136.26 mo
a
4 wa
a
v . oe
Opn
@ Fr tamer - 3434 PEACHTREE ROAD
ATLANTA. GEORGIA 30326
vege et ne (04) 237-2700"
49,image_000051.jpg,"e
STREET ADDRESS: 1516 WEBT AVENUE SOUTH t
CITY: LA CROSSE STATE: Wi zr, See |
PAYMENT DUG FROM LORILLARD FOR THE 2Ko QUARTER t8@6 UNDER THE
LOMLLARD MEACHANDIBING PLAN |
PLANT ATTACHED [9 A LIST OF QUALIFYING STORES
WEEKLY CARTON CIGARETTE SALES we mo Pd ToraLe ron wtowrmey TOTAL
PER ETORR weere womne wont quer ure
SCHEDULE | NUMBER | se | CY > 0 + 0 - J X 906.00 $0.00
a jornnz| —o-mye | 0 . ° * a - ° Xese.00 = $0.00
sieves| mea | 0 + 0 + 0 - 0 Xsis.c0 = $0.00
SCHEDULE «| MUMBER See 6 * 6 + 6 - 18 Xess00 = $782.00
58 losmu| mew | 0 * 0 +o . 6 Xs02.00 = $0.00
SHELVES | atone | 0 + ['] + 0 = 0 Xats.0o = $0.00
40 ¢ 40 * 40 . 120 Xes.00 = $800.00
Mnener o + 0 +, a 5 o Xenco o $0.00
or (] + 0 ‘ o - o Xa.00 = $0.00
ADDITIONAL 0 + e + o . o Xero = $0,00
sows ] . 0 S 0 5 (J Xo = $0.00
PLAN ! — QUARTERLY PAYMENT DUE > $1,392.00
PLAN [| — NON SELF-SERVICE
NUMBER OF FULL SHELVES Loo « | iy + 0 + i] ~ [] Xoz0.50 = $0.00
NUMBER OF f | 0 + 0 * 0 . o Xers0 = $0.00
ADOITIONAL ROWS. 0 ° 0 + 0 = a Xow = $0.00
PLAN 1 — NOW SELF-BEAVICE QUARTERLY PAYMENT DUE >
PLAN IA
; o + o « 0 - 0 Xs10.00 = $0.00
NUMBER 0 + i) + (] = (Y Xsss.00 = $0.00
OF evoRas Q + o + o - a Xsaz.oc = $0.00
0 + o + -o - o Xe = $0.00
. PLAN IA - QUARTERLY PAYMENT DUE > $0.00
{
e)
TOTAL QUARTERLY PAYMENT DUE > a
1,392.00 —.
nD
: \O
DISTRIBUTION Waw YORK COPY____ REGIONAL MANAGER GOPY__2” CUSTONEA COPY. Le COPY__ oO
own . wm"
50,image_000052.jpg,";
F | Registration form
| Tobacco and Cancer — New [nvestigional Approaches :
="" | Type or Block letters please)
L . b)
z NAME): 0.0.0... F2. BRDU. BARROMI ORG. cecseeeseesseesseeneeenesesecsensensemsecseceeee | OA
i t
‘ INSTITUTION: secssssssstissnsinnenrtseutuenetionnunsusiusuenrnaninaenan ED
ne ADDRESS: ..Nikolaus-Gross-Str. 11; D-So60 Bergisch-Gladbach 300 |) aS
3. W.-Germany : a
2 Credit General Bank of PRP-ECP Tobacco Sympostum. H <
@ I wich to present a paper at the poster session {abstract to arrive at ECP secrifariat no Ww
+ later than January 15, 1983): YES . NO (Signature)
a
i .
é S.Jan.83
Lid ne a ar ee ee
oe ;
Ty
nS e on 2
a Krelssparkasse K6in
: ~ Neumarkt 16-24, 5000 Kdin 1, Fernaprecher 20881
oo FEES PR ae OL Panne
ah ore EEE S EMER Aton eon PRET vGn
; “ Goh CA ee PRR BOS Ce PREY OO EO IS NINN:
ae : Aa. Saige EOE EUR CEU eS Hinges
neck 220i STATION Ei wee SSE EN PPT BERD OR
m Q0000L441018eF 131300352ad 370502992 33d
. a
a ve =
. an
: nN
. n
. . ~ a +
2 :
» :"
51,image_000053.jpg,"|
t
{ N Vv oc E PLEASE RETURN THIS STUB TO;
: DEc 08 Rech shate* NEWSDAY, INC.
: LONG ISLAND
EW YORK t1747
ON TOP OF THE NEWS, AHEAD OF THE TIMES PHONE 1516) 454-2108-6
te PER-11 1988 PER-11 1988
. LORILLARD MEDIA SERVICES/LI ONLY LORTLLAGD MEDIA SERVICES/L
RE TRUE B EPPERSON RE TRUE B EPPERSON
1 PARK AVE/ELR N 1 PARK AVE/ELR
NEW YORK NY NEW YORK NY
19016 ACCOUNT NUMBER 10016
$166-501535-5-03 6166-501535-5-03
QATE BESCRIPTION ~ CRARGES CATE CHARGES
11/13 | A Be0600; 79558200 22/13 71558000
q NEWSPAPER A seo rp 133.70
ISSUE | Yo (2-9 ! x Ya, 30
: me | 4
rare Ty
B2AND {- LR“
INV. HO. RUE “fp, A
ene] ab HF /; e
CREDIT
,"
52,image_000054.jpg,"fj
fe “on wot tree . ri cr rs ee re a nd fs
7 .. . - tee - 7 eee MARY MAME, monet . = wana, ""| ee
a SUGHES . -Dr. L ° BILL TO a
7 a : . . . at os 4 mT mate | in CATE = Our DATE MO. + oRSONS COMPANY ”
: 2 oto ""a. 'g¢7.56 Jan 12th | Jan 26th ie a f
oo . . wo i <.P.| orater 1 CREDIT CARD (KINO) RUMBER
a . | DD) y600 west-Hit-street _... | . .
: . me, q eaP err ‘STATE counrey fouo ot aye
., - oa. ja] Louisvitle,- Kentucky, 40201 no. G.727
""eS yc. Ub Janda Reom4B2 ler 67.60 Pera eg
2 tea oT Lt) gan d2  SERV4B2 lex 5.75 aes
mw Jan‘l2 TAX 4B2\cx 2.85 66, 10. ae
ot me Jani3Restr 4B2h* 2.50 = 68.160 Peaeateeese
*. me Jani3RESTR 4B2 {ex .85 anon ed
Do te Jan q3 Restr' gholfb*  .85 ; ""7030 Sigma s
So Je itd Jan i8 Rodin 482 few 57.50 Dees
ae Poca Fee] Jana3 Serv 4B2/ee 5.75 Beacon arrest
pe Ce hl) Jan i8° TSX 4B2 lex 2.85 - 186.40 eee
eT te TS gaia Restr apes 4.40 ' 140.80 Paes
ra OS a, Jani4 Room 4B2 [c* 57.50 : Pore tee ne
CoP Jan14 Serv 4B2|e* 5.75 . ete
ce { Jani4 TAX 4B2\e* 2.85] © 206. 90 Aes
“ae Fi Jan 15.Reatr "" 4B2le* 5,60 + 212,50 Rae,
web gton + Trt Jan15 Room 4B2 [b* 57,50 ; ee oe
“lk Sg ganas TAX 4B2fe* 2.85 ~~ 278.60° Beengaeeees
Doe DS San 16 TRCR. - 4B2 |c* A* 264, 40:|. 14.20 Beaeibeease
. 2 alse Jan46 PAD 4p2 € 14220 D . 00 Bae
Q . “. C : ‘, * .' PLEASE PAY LAST AMOUNT SHOWN IN THIS COLUMN
3 ar “Nh? . ""BEACH HOTEL
. er oR, . ST. MAARTEN, NETHERLANDS ANTILLES
. rad ay a a os . BEFORE DEPARTURE. PLEASE ASK FOR YOUR MAIL OR MESSAGES AT DESK."
53,image_000055.jpg,"J 1G THE ANDREW TERCENS COMPANY
REMIT TO: Location 00166 INVOICE NUMBER «=«1O1L78G-A
Cincinnati, OH 45264
SHIPPING DATE VARIOUS
a= VARIOUS SALES KEPRESENTATIVES t THE AMERICAN TOBACCO COMPANY
. (AS SPECTFIED BY AMERICAN TOBACCO ; 6 STAMFORD FORUM
a COMPANY ) o P.O. BOX 10380
STAMFORD, CT. 06904-2389
Catone’ Oxo, = «001560 oe Some ST ERIMS: NET CASH
UNCICE - SHOPPING
Reprosertative 7979 CATE SHOWA ABOVE
5 ad CC
ALOE & LANOLIN LOTION/CARLTON LABEL |PROMOTION
6,123 144 PCS/CG 6] 6329 ee ASL LOLION 1.5 OZ. TRLAL SIZE $34.56 $211,610.83
646 144 PCS/C9 6) @34HH | CREDIT FOR RETURNED AGL TRIAL SIZE
7 | MUSE. DUE TO MIS-SAIPMENT $34.56 ($22,325.76)
a aes Aig - Ca my | al” het red aE ns
me gye| Siew Si ake: age tf | = (ke
aie enc”
ALL CLAIMS FOR ADJUSTMENTS MUST BE SUBMITTED WITHIN 60 DAYS
P = ITEM REPACKED IN SHIPPING CCRAUGATE. QUANTITY = SOAP IN CASES, COSMETICS IN DOZENS, UNLESS OTHERWISE INDICATED.
FREIGHT PREPAID — SELLER'S EXPENSE
ANSIO-"
54,image_000056.jpg,"ron tnt @VUILP MORRIS @
CORPORALE.-0:
mo
VOUCHER (Jiu wn
eee earee, JOO NOT USE Up PavEE'S onLL igavaragueta2 > JPATE vouctiEn is mREFARED
(A) f) ma] veposit [%] RETURN TO: | {B) tomitAF No FPECIFIC DATE WReQuAcO)
NAME _J. Jones OE PT. ng... FLOOR 36 | DATE DUE Of, 2 TIME, ERP BR sion 424 |
____ Liberty Mutual Tnsurance Company |
Po, Box $76 pd
“Lynbrook, Lid., N.Y. 11563 Pe
FILE JNOER: _ —_— __ _ | _pay savour _ bs 60,000
(D) APPROVAL FOR PAYMENT: |(E) EXPLANATION OF PAYMENT:
2 v Deposit Premium due on Workers’ Compensation, ‘Comprehensive Cenera!
AT Lk tis _zpnd Automobile Liability polictes for 1977 policy year.
(F) OTHER INSTRUCTIONS TO CASH conrpey OR ACCOU: Pe} F:
Installment for month of “ery SL) Al uretuie of annual deposit ;
attached to voucher dated Januar f20, bok wyloips-#0F current installment is
_attached to this voucher. ~ KF
VE A _
SS —_oossk‘—‘oteesS60 eee eee eee ees eee
. ; ACCOUNTING USE ONLY
INVOICE APPROVAL [oate] AMOUNT
ACcNTG.auoIT | - [accnr’cappavi] —_—-|~—sfoiv] G.t.| sual exe] xx] }= CREDIT -
vewono.{ voucnno. | | CE CT CT UT UE TT
vioate | v.pueoare] ++} +--+ J i
INVOICE OR REF. NO. Pt tt tt tt
aelarmetiee] Cte
check tssueo| 1] wank cuarce [2|reruan] | {|_| |_|
ie wo] [cxoare] leans] __ | —L+—-+ + ef:
4 (A) Special Notes to Keypunch Operator: aa | e ;
! 1) See attached for Amount Payable by Vendor. : -—_t——} |, 8 !
, 2 en oseautan 4H i$.
| FILEUNDER VENDOR _ ‘ Se ee
: ve i"
55,image_000057.jpg,"Ted Bates a comeny, inc /advertising = —
. . 1513 Broadway - Pew York biew York 100 U5 A
Prone 217 680.3131+ Cate Batereug New Yorn
Rent Nery a ee
——— eee
' PR
FDEP
a bY
i
EXPORT  gice saeane ’
past oy ‘
AMS OR DD ERD Werpe te;
way 1978 Fat. £910-5-A Bired 490,35
. Bat. GALO-AnA, Bev, 1 Bh/ De 908,66
; 3.08 -
: WT DUN GEPPORRR 10, Lore
_ YICEROY = 200%
ea, ;
NG
Wek, BuUDdGETE ce 4,
Zs aes sry. Ay os |
Clue""
pRoeuerrtom 1/602 349 2"
56,image_000058.jpg,"— e e .
= 2 Michigan
= am. Chamber of Commerce Invoice
—"" TM ariateo + fox I OTT
ome $$ L op Sine inert aead 257668 133552
‘ i As a result of changes made by the Omnibus.
: : Budget and Reconciliation Act of 1993, 70% of
. , - membership dues are deductible for federal income
fy tax purposes. Membership dues are not eligible as.
Mr. Michael Shannon a a charitable deduction for federal income tax
Government Affairs — 7 purposes.
714 Green Valley Road : Annual Dues Beginning: June/1999 ¥
Greensboro NC 27404-052 Gey . ow
ad Investment Amount: $750.00 mye
. Send 6/3/97
- A Michigan - 4 dated bf: (49
=a Chamber of Commerce WIVOICE
SSaae inaTzI0O Fae Naren
a na Frco: 1-200-748-0008 257668 «133552
Federal LD, #36-1626029 Loe. :
we ws an As a result of changes made by the Omnibus
. an Budget and Reconcikation Act of 1993, 70% of
‘hanne mo J membership dues are deductible for federal
pa Michaet Shannon te Income tax purposes. Membership dues are not
SiHendtae_\ rT . + eligible as a charitable deduction for federal
714 Green Valley Road Choetee Rerprnenns: income tax purposes.
Greensboro NC 27404-052 4 Annual Dues Beginning: June/1999
¥.l3 Investment Amount: $750.00 co
OS N29 FON ae eee ereemng ote an hemp anmprmmmenines cenamy on pon emmeaminga ss SI
AEE a Le REE
1
les"
57,image_000059.jpg,". —*
‘Ted Bates & company, inc. /advertising
+ ¥695 Groagwey  Anw Vor Now Yor) 10036, USA
Phone 212 86 31a! + Cabs Batesword New Yoru
cu Mt an BROW € MILLEAMSOR TCBACCY LoRP PRUUULT ibs ESTIMATE REPORT ALLS .
PAJOULT KH KOGL NILOS
KEDIA e PRENT PROON biLLites TYPE
JOB PE6360 ""BLUE FALLS® EST* HHS 5529-2028). RUN Ut JAN14/8C AT 17030 PALE a
SUPPLEMENT=FULL PAGE BILLING 1000 # HILL ST
CUVER COST FOR ENGRAVING FCR HATICNAL SUPPLENERTS @0DRESS LCUI9¥ILLE KY 40201
REV LAREVESEO TU REFLECT 1NCREMENTAL CHARGES
QUE Tu AODITION OF NORFULK NEWS LEESET AATERIAL
_ eq So
WORK COOE COMAISSIUN CRIGINAL PSESENT Ae
_ RATE. ESTIMATE E:T AMATE _. fLEé }
14 ENGRAVING S~ROTE 2ERO 4000.00 5000.00 fro .
15 ERGRAVS~ JFF SET ZERU | 2750.00 /
7D Ne¥e SALES TAX ZEA 40.00 400.00 i
Jo SHIPPING 2b AU | 500.00 206-00
|
*OTALS itt) 5900.00 87506 ON
CUNMISSIUND | .
TOTALS (GAUSS) | $900.00 | 8720.0
. ra
nn (NOH nNEIE NOREEN EER Erenen ECE SES
& SKIPPING.
SatNOTE*#HTESTLASIE 15 BASGO CN JCD AS LF HAS DATE.
CHANGES IN OESIQNeTYPOGRAPHY LILUSTRAT 10N¢
PLATES NEEPEDY iC MAY ALTER FL CHARGES
iy (‘A _ 7
COATALT one UA Ts Te ee OATES ead Px |
I ma a wtatee
CLIENT eo ese FLA Ve wcltlireess
z(t .
cdheadiy HERE pis our) Hite mht os
ww 2553.99 | |
1
Bil? UF THE FIM IMAGE 19 WUSS CLAS
S TRIS MITICE. IT 1S ODF TO Tht 6 6 | 0 T 9 8 4 4 S|
IVY OF THE MUCUMINT DESNG FILMED. ~ . a"
58,image_000060.jpg,"c— 14
a.
4 -
; wa C NEW YORK roo7,_© some 3 SOME 4, ig 77
. LORILLARD
200 EAST 42nd STREET
TO_COUNCTL FOR TORACCO RESFARCH-USA., INC.
210 FAST 59TH STREET a
WEW YORK, NEW YORK 10022
Ee
ee ee ee
es es ee
i
i
-}—-—  —-—}—_+ + 4
es ee ee
se
i es ee
ee es
a3
fo} cv
: 8
n
n
oo)
Fae]
a}
an <—_s
Geer cw eee"
59,image_000061.jpg,"* re soet 2 . 2 . a
r ‘Empfangsbescheinigung / Receipt for documents / Receépisse de documents
tLste der anesem Antrag deigalOgten Untertegen) (Checidist of enclosed documents) (Uste des documents annexés 2 fa présente requéte)
ax nc nani ger Emolang dar unten bersichnelan Cokumania beschelnigt/Recalot of tre documeris indicated below is hereby acknowledged /Nows a0esions
( ee cas Cnreicnung dec europalschen Patentanmeidung bel einer natonaien Behdrde diese Emplangsbeschainigung von Evropsessnen Sa ee
an, Eat ee ane oee s agel 2a) anunaher (oghe Feld RENAD, Nach Erhatt dae Miielung nach Regel 24,4) Sts ake wate, Yooes
Boa 30 a Ne treen nur noch unmitetber beim EPA enzureicher./ Bis recsict i seve Dy te GurObeas CAs Ten ation unde
Be ee ee es anal Soman @ anes oz & communication unde’ Rus 244) fae Gecton RENAL, Ones Oe SoDaACICL Gy
Rube 24(4) hae been received, al! further documents relating to the application must be sent directly to the European Patent Office/Si, en cas de Gépdi de
ia demande de brevet européen suprés d'un service national, Office europten
c : des brevets cciivre le présent recépinsé de Gocuments, ce ricépissé eat répute
H | fire ta notification visée A Ia régie 24(4). Os que io notification visée & le
raghe 24(4) a até reque, tous ies autres documents relatifs & is demande
R . dolvent étre sdressés directement d FOEB.
edze + OSE
: wEPA EPO-UES
\L tHEeSBAKDS. LoD awn pas EPA :
Regu:
honPens 0 3 -09- 1992
were (RBIPICIN fir (p) (ras TTI
L - 7 SEP 1992 | :
Anmeidenummar/Appiication No./N? de la demande = -—= = Im 9230771001
a | Tao des Eingengs (Rage! 24(21)/Date of receipt (Rute 24(2/ n
s,(°7 | ae ee recenton ete 242) OREC 24 AUG 4992)
i
Ve Zeichen des Anmekiers/Vartreters /Applicant’s / Represan-
tative’s rel. /Rétérence du demandeur ou du mandatave %
Nur nach Elnreichung der Anmetdung bei einer nationaten Behdrde:/ Only atter Hing of the application with a nations! authority: /
Sevlement eprés te dépot de ie demande auprés d'un service national:
‘ Tag des Eingangs beim EPA (Regal 24(4)) Cale of raceiot at )
EPO (Rule 24(4}}/ Date de réception & TOES frégis 24(4)) 0 3. 1.4 92
A. Anaekduogwuatertagen und Prioritétebsleg{e) / Application documents and ictus we ee herevoets
Anmeigunguunteing te ond etc amante el Socumant(y oe Deo Semper ol comes pepo sot moager of apres
Commcnaes ‘Rosore os Anuttes"" par Nemare toc
eemoure on dre
| suntan 7 f= |
3. Gol. unterachiegtiche Petentaneproche (At 16762) ai) ‘Any Gilera cies. rr - [| - |
Gat 167 (apa) / Le ose écheend, revendications ciflerentes tart. 16712) ah)
> |e enema am] [oo fe a
+ cannes ree ree
6. Qversarrung Aneneiéungsuntertagen | Tranaiation of the sppication documents / | - |
wo Traduction siscas oa wowmands ,
ioe “17, Petortunestretegtea/ Priority documera|s)/ Document(s) de priorke ; - id
‘ee
6. Obersetzung ce Kier) Prlorkestabelegs (oelege}/ Transtasion of priory Gocumendts)/ ; -
Traduction du idee) Cooumentis) Oe oetorie
B. Der Anmakiung in dar eiagereichten Pessung Kegon foigende Senrifteticice bet:/
Tals application as filed 1s scoorepenied by the Reme below:/
Als présente demende sont ennexts lee documents sulventst
1. Gazelvormacht/ Specie suthorieaton / Pouroir partouber | . .
. 2 Extgeinencueg/ Dealgnation of kwentor/ bsignetion ce Fiwentect a be | ° . . ‘ : :
_ +. |S Gebtiranapatagavordrucie (EPA Fores YOR Voucher for ne sktiesnant of fees fj} oa : - oe : : WN.
. . Grave (223 de chigue en cat de dbpot aupreés des services mations) on . . ros Pr) ies Topi
OT La “dsiar Eiaptadgsteechelaigueg] Copiae of tis receipt tor documenta! - pnwina dae Kaplan eons of genie eNotes a0 copes. Of WW."
60,image_000062.jpg,": a OVINGTON '& BURLING. 2 LN Ceres OD fe
Ro FREESE +, |, #201 PENNSYLVANIA AVENUE NOW Sy SR batTAN “teal.
oe ace eo pox 7ee@ --—— Vip AG
TE ls Mfg vy dei ke WOR 62-8000 . ; ;
proven eet Si: NO .
. Ssoresqns . : *  accountno. 19750-3
vere Om & Fie STATEMENT
less goats DATE Peb. 21, 1991
. jetties PHILIP MORRIS MANAGEMENT CORPORATION °°
te se RE NP EB yi: RUE Fe CRM SRN? 4
. To cover the statement of Healthy Buildings . .
. International relating to the second install-
ment of Edelman's consulting fees and expenses
in connection with the organization and pro-
L. motion of the seven cities media tour of
Australia in Pebruary 1991 . 2... 2 2 0 2 2 «© 2 6 6 $ 44,960.00
JPR/ceb
- oo = ener x
—-- G-30!- olde
Mary Seay 2-6-9)
. . )
fee a! . a 4 nN
3
- ot 2-¥-9/ 3
N
o
: . pa ¢"
61,image_000063.jpg,"HOWARD A. MARWIN COMPANY
104 E 3st Street. New York NY. 10016. [2121679.4131
LORILLARO
666 FIFTH AVENUE
NEW YORK, N.Y. 10049
todecn 23a Mar
LOCATION DESCRIPTION *Qhatha vy Fanté
LONG ISLAND CITY, N.Y.
{ L.I. EXPRESSWAY & 25 ST. F/W scececcccccccnes $4,800.00 (gross)
|
| $00
—— MAY 1 198 at
var > @
I( f
fon]
aN
o
»
Subject to 16 2/3% agency comm, = ""O1AL AMOUNT DUE enegaer gross)"
62,image_000064.jpg,"~-_--—— .
-_eoOOOO EEE
—_—_—EEee
+18) Healthy Buildings Irterati nallre. ye Nae
TO Covington & Burling ° Bien Be Ol
1201 Pennsy!vania Avenue, \3
Washington, D.C. 20044 AECENE!
6 9%
pe 9 ¢ avecsso sme A316
aACCOUNTIN ate Dee 3, 1991
your ner. Mer. John Rupp ;
' December Expenses
To expenses incurred in by BBI, Inc. as consultants to the
Tobecco Institute.
i Simon Turner
1) : Attendance of ASHRAE Conference in Jacksonville, FL 11/21/91.
| Airfare < 882.00
: Hotel 124.56
Car rental 72.14
, Parking 34.00
Gas 22.50
$1,135.20 2... 2. ee ee ee $ 1,135.20
2) Attendance of Exposures Conference and presentation of paper
Atlanta, Georgia, 11/21/91.
| Airfare $ 808.00
| Hotels 88.32
j; Taxis 34.00
| Parking 31.25
: Meals 14.00
Slide preparation cost 468.25
$1,464.02 2. 2 wee ee ew $ 1,464.02
3) | ABM membership fee 2. eee ee es $ 350.00
Total price now due for payment... 6 ee ee ee ee ($ 2,949.22 ¥y
,
| For BBI Ine. cn pozlq3e!
| Lh ag Kebeitom ‘ob. b Po Ul
Gray rtson 0 i $-91
{ GR:dh -
| Enclosures rte C+
| :
TI1016-1457"
63,image_000065.jpg,"’ PRO BILLIARDS
~~
EM TOUR
‘ HH @
DATE: March 20, 1997
ACCOUNT: Sports Marketing Enterprises
. P.O. Box 2955
“ Winston-Salem, N.C. 27102
PRODUCT: Business. License. —.............
DESCRIPTION: 1/2 cost of license for CameV/RIR booth space at .
Sands Regency XXIII (June 1996)
7 AMOUNT: $300.00
AMOUNT DUE: $300.00 |
. a
i]
PAYABLE TO: Sands Regency Hotel Casino :
. 345 N. Arlington Ave. :
Reno, Nv. 89501 :
IX ra i
i an '
DATE DUE: April 15,1997 |S. yo
; ; ~\ s '
S, a }
Su ; .
“PRIVILEGED MATERIAL REDACTED |
| oN, | ‘
; a \, iw
: ” N. | o
i “ ~ 1 S
. a , la
i 2 N, : g
: fs \, .
nL
4412 Commercial Way * Spring Hill, Florida 34606 © (352) 596-7808 © Fax (352) 596-7441
; Visit our website: www.propool.com
eee..."
64,image_000066.jpg,"ERTL Te m FI EE od ana oe tee % SF, STE eee, red
. ae es SG GE gk eS CRUSE pester fF RARE
Sopa) Res ARGS G CO ae ee it ak te “. alee’ tld Mee rena
Pee A ARO ae Oh Sek oe A . Se ee ee
= o * 5 at Coes
Bo aes 2
| g : of «"" Aut 7 ae Ps i
g < A. cee
\3 Eo 6G 8 a. eee
in| 2 8 88 & Bee
[gle i) g° /  : ee
2) 3 % z0 2 0.4 “SES
rE : el (< Saal
| 1 18 g ze eo
. : AS Sree RS, 3s Te!
| : sia Pactra ae
4 : SRE
e 5. _ oe oe"" ee
| 2. 8a. > ee
b ral 5 e ys OS .. . PF yo
Zz z 2.2 ye = ; a od
5 = 0% §& cat Coleg
3 3 N38. 83 & 7"" os
18 S |? 22533 = : ae
Q wv («(il g23 = = o sa
3| Bo st2 7 ; 2 ~ | SS
| # : <3 Ni > . Bere
a E 2% : tt ‘ Fy Mm .
| oo oS a 3 & x rt o mo ""
A . — =
3 YES pa = a a t
| ¢ SES #S rs ‘ co an ft
| ¢ as? Tes = ° ;
- =S6& Cc: ra .
= = $ 3 a mm te eet .
3 : 7 44 . wi ‘ é
. : . ok. 2
ae 5 g far . mu eR ara
3) = Rag Oo eegeen, i A
zw oz : = - a : ms:
4 J pants ; y
ra BSe me 7 2 BR in at aly
4 = et. Peat 2
= > ie pa 2 Sal (SS Be
= = im B FS r ea ae a ett. 7
z 5 Susi 2 a E:
| 3 Bost SuZi ge a ae
3/5 zo aso. SF —s
E 5 a z ES ow] ~
3 2 a uw Hosmkh £2
z = Eam@e Se oS Sage
wl & is pa Rom 28 a
g| & 5 O  g we OR
2 . g fn} > ° 4 5 o or
- a x ‘ Ay A sf - es
F i oa , : Na - . oo —__
a"
65,image_000067.jpg,"\ . , om,
: , —
f . 4
MET’. ‘DIST HOSPITAL OF MIOOLE MISSISSIPPI parame ont bon fice Gor us
tial , . jewling Green Reo
We : . Lextngtbn, M8 306
* (oOt) O9p-1920
vat
newt nae aoc ouet EGER ROOM HO +. abit Cate ebcnanat gate: ne
. ATON NATHAN 3121629 11/08/86 1tonvep ty
emet | meSUAANCE LANE t 1 ‘
HORTON NATHAN pawn hee ; “wen
RT 2 EN 168 3 «09 | 11710704;
eansstor DURANT :
“we WS 39063
~ :
aoe ‘ DOCTOR wane i
ene: ee ij , :
tomcat | oust evcnerr Queene ea One assounet ""PEt comment
25 PHARMACY : . 29.80) ‘
: lar-, | MEO-SURG SUPPLIES i ! $1.00 | .”:
412.0 | RESPIRATORY SERVICE | H aa.so J. |
as (2 letercency Roon | 42.00 1!
Vga J ANBUL ANCE i : gns.60 |, |
198 PRO FEE | | 36.00 | j
H i ' ;
i : QO. ' : :
i 4 i i ot
! . y i i
{ ; “y t. ' ‘
' : WwW,
. . L ae +
' ‘ es Os :
i : : t .
: . : ( 2 .
: ' . : _*
! i : Ar
t i : :
‘ . : H : ;
: t 3 : ;
i : ' ss f
"" ’ a :
. , i eo ’
: | rota | ' SA8. 60
nue reece Pe erm e 7 es eevee
BES ' u aa t os ' i mye fanvance Pavieent 1° : a.00 WME
2K
: . ‘ . fet tates : . . 580.50 {
tenet OF Paretet INSURANCE COPY UASE Pat Tees AOUNT ‘
PrN :
~~ 200002
‘
‘
CTR HN 030021"
66,image_000068.jpg,", Rul. Reynolds Industries, Tne, .
_ (ICOSI-SAWP)
To JACOB & MEDINGER
1270 AVENUE of the AMERICAS .
NEW YORK, N.Y. 30020 w.
SS eeeaeeaeRlRlasswowowowsasmoSsSsS Ss SSS eee
- To professional services as follows:
(i) 45 1/4 hours of Mr. Jacob's time expended
in January. $ 4,298.75
(ii) 2 hours of Mr. Finnegan's time expended
in January. 150.00
(iii) 25 3/4 hours of Miss McClendon's time
expended in January. 1,416.25
(iv) Mr. Ackerman spent no time on ICOSI-
SAWP matters in January. —
$ 5,865.00
> Disbursements
J
Telephone $ 097
Xerox 1.89
Miscellaneous 230.51 4
Travel Expenses we
Paris/Amsterdan, 109,02 9?
London 1,917.61 ‘
Boston $7.17
Consultants Fees and
Expenses
George Berman 260.78 ~ »
Prof, Robert Tollison 811.22 8
Prof, Martin Gruber 1,500,007 Rs
Prof. Edwin Elton 1,500,00W \y ,
Dr. S.J. Feinhandler 726,80 y
Edward Harris 308.00” .
Prof. Robert Norick 1,250,000 ” 8,573.77
TOTAL .. 14,438.77
°
°
y) :
Pal
PJ
th
nn
ne ee ed . ."
67,image_000070.jpg,"TeD BATES & COMPANY, INC.
a BROAN & WILLIAMSON TORACCO CORPCRATICH
PRINT PRODUCTION BITIMATE
BRAXD XOCL Date my 13, L971
CAPTICN —-DIECGVER XOOL BST, @ __KW-FI-1-10
SUBJECT  COVURDUS DAY BAM CODE # i
PHOTOORAPHER/ARYIST _ JOB fF K-7213
—_—
PUBLICATIOB(S) OGYER DATE(S) S128(S) COLLAR
PARADE ay72 16 X% 42 1/8 tfc
PANILY NEEXLY
i
ARTWORK (CeTAIL) @sTINATED COSTS
GRLETTIN (INCLUDING 2 PACKIGES) 2,250,007
= HOTOLETEIRING 175.00 VA
MECHANICAL 75.00
Trrooarinr
ERAVING .
FOUNDRY
* QUANTITY REPRINTS
PROTOSTATS & OOLY PRINTS 19.0
<< : rhe WET TOTAL 1519.00
; a Toor
Ageacy Approval, ear Bete AGENCY
74 : OCRISS!0N 274.40
Client autrortaation FAL pate, nel
TT SALES TAX DO
Call Xeport Autherizatdon §
akos3 TOTAL baa -tee
Production Cost fe eee ey Ben Ay
Againat Bodget Fer: Zotirste Actual Invoice £ Date
Flrce wou aye * tare te) Lop ot fot wt
— $$$ —_— — — ——
|
MOTICE FF Te GUS CAGE TS LESS PREAw qT
THAN THES Sevute. 2b as ove To THE ."
68,image_000071.jpg,"TIN TERNATIONA DH OGREVIPEAGUERIEC
“ss THESINTERNATI ONAL OCKE EEA GUENE.
ry
I 4 INTERNATIONAL HOCKEY LEAGUE
3850 Priority Way South Drive 0 ] \
Suite #104 | D
Indianapolis, Indiana 46240 >6
Har fy
PARTNERSHIP ”
INVOICE
« Mr. Mike Hayes
« R.J. Reynolds Tobacco Company $30,000
401 North Main Street
* winston-Salem, NC 27102
*
Pn | as0.000 |
9728/92 Contract No. $30,000
2054-00-00
to APPROVAL
IHL/RJ Reynolds Atlanta al hie Oe
Promotion Cincinnati = ¢, | IIIA Bef |
Cleveland xk: . , vet ee
Fort Wayne” ~ 3 Aes q
Indianapolis 7 A “IB Lp
Kansas City @&, = 9 9+~-__
Phoenix aes
San Diego — reudt 10 un
9,000 ,
ivecaneamana V+""
$60,000 This
due 1/1/93 Invoice: $30,000
wn
»
PLEASE REMIT TO: a g
FOR INFORMATION PLEASE _ International Hockey League AMOUNT »
CALL: 317-573-3888 Sao Barty Way South Drive SHOWNIN, 8
Indianapolis, Indiana 46240 THIS COLUMN"
69,image_000072.jpg,"Statement of d, a
Premiums WA THEHARTFORD :
Code 3/7/%
Producer Code
Pullip Yorte 5 2185-25-07
wR |p 28109 9/86 9/1/86 139,703.00 139,703.00
CSE 30223 9/8 9/1/86 26,905.00 26,905.00
CSE ¢ 30205 9/8 9/1/86 11,007.00 11,007.00
ISB | 3022k 9/86 9/1/86 12,007.00 1,007.0.
___} fotal Due 188,622.00 188,622.00
Remarks: “CR” Indicates Credit
Sth. Installment ;
Rewit to: Hartford Insurance Group .
somone oht,, Frank Dejesu, Supervisor Pret Accouibing DeDte mums py
9
ray
- 0
i N
‘ys, Robert Hagendort S
Philip Morris Please recurn this statement or write your policy a
120 Park Ave, number on your check made payable to The
. [New York, N.Y. LOOL7 | Hartford. |
Form ACC-+458-3 Printed in U.S.A, (2)
OS"
70,image_000073.jpg,"2 14 yg |i asorszee12 Et
ee |
| Gude ig): 5 2 2 s ¢ ¢ 2 &
¥Ey ay a
=] GP gPp ce)
> x a2 4 - ¢ &®@ fF ¢ F f= <q
; 24) gz i an ie es = = ¢ s z : :
2 iia ap q — Es —
“g ah § en Ge rer <0
@ HA, Ls HE Sp, om
2) HALAL 8
£ gts £ bye ai
£3 ates & Eels . a
ie § if aaase (ff8 BL Wi: eg 3 =24
Tf PE Hate ~~ _ 1e)
g. | 8 oi bist ey a
vee y ThE bE |e | ae O Z
z | & abel aeliyt |: eb & g
or | eal ateaadi |i 3 8 y, =
i Pe ze DW om)
ities Jt 2 3 é
i (ee p06 UME Og
i. § eR fp HB f 5 :
oe = mins ai 38 33 <3 z5 ag 23 on
Ay LHe E &
— J: Pe he vu as ee st A
; =
ll ‘=
i
|"
71,image_000074.jpg,"Steir PHU LOGE LUD INVUELE NUL: 6024864
3703-C ALLIANCE DRIVE | . INVOICE -DATE: @6-24-984
GREENSBORO, NC 27407 CUSTOMER: A101
QTY ITEM NO. DESCRIPTION UNIT PRICE NET AMOUNT
0.5 P1001 PHOTOGRAPHY FEE ~ SHOOT/ 1500.00 750.028
(1/2 DAY) 6/06/86
@.33333 Fi1002 PHOTOGRAPHY FEE - PREP/ : 758.80 250.00
(1/73 DAY) 6/05/86 .
SUB TOTAL 1000. an
TERMS: DUE AND PAYABLE ON RECEIPT tesla tania eaten eaten enleneneenieaeateenteatata
TAXES @.an
LONG, HAYMES & CARR INC. TOTAL 1000.00
140 CHARLOIS BLVD., BOX 5627 ioslasheshentenlanienenineneneneeia tetera
WINSTON-SALEM, NC 27113 PAID 0.80
BALANCE 1000. 028
San ooMoRoorcesc eR
w
-
w
Ny
. ©
:
>
°S
Cs)
eee..."
72,image_000075.jpg,"oO Suede) 933054 \
: ‘ COVINGTON & BURLING RECEIVED
, J] 304 V 1201 PENNSYLVANIA AVENUE. N. W.
PO. BOX 7566 ‘JUN 4 1991
WASHINGTON, D.C. 200384
__ M. 0. POTTORFF
TELEPHONE
(202 602-6000 Sees —
ee Ovesoteeait No ; ACCOUNT NO 19750-3
, , DATE
PHILIP MORRIS MANAGEMENT CORPORATION
To cover the statement of Healthy Buildings
International relating to the quarterly
consulting fee for script writing, editing
and preparation of HBI Magazine (covering
the period May 29, 1991, to August 28, 1991) . . $ 50,000.00,
JPR/ceb /
8 V3 . |
: w
ft .
mi > ‘
£04 Oe001900- 3010000 GFA—
>/4 G-301- Gs
Gls Gimp °/¢/s
4, | Meuglir, , eens
2029370037
PLEASE RETURN ONE COPY WITH PAYMENT"
73,image_000076.jpg,"wa ow
Z 6 pay
z& 3 4
- e - 2 n .
- cad ro eo ~
o ~ r ol
ze “
o in] 5
° =
Sod ececepecoececea: ia -
a7] SS FERELSIS SSR} e |
aw ete cee ewes wees en ° ‘
<<a a zi reese erEess} a
a e St ae ACW ECE NT EAM ~ Fad t
wn = 2} WESHAMOMROMORM ( a -
a o xz . erro eee ee ant > - 7
aM a <r + FRNMAMEMNOOE 2 i=
“~s - WoW =z 8 w
‘ © ca = ut Ss zs
se :
Z. 503 & rare
& o = wunn x - Zz a
‘Sc VY ana ct} ce =z
zs uw ZFRYaMWanowk’OuE - y
£3 tl geese co 8 ed 3
g Pay mxeEOCIZIS evn & g a
t - rwewo oJ
& ¢' ze oar wees 8 a %
Zt Se Bee wn FESR SE TOR
. - oe wrer xzaywue vw oo - <£
> N oa ry
- a wo
ao 9° « @
i oe ~
o ~ [4
~ < ww wv a
- oa = ‘
+ sa >» Zs -
4 2 Cat zz
« —- £2 “ aot wuizka
S -« & a 373 4 #5 3
“ 5 nd ees
eo o a
=
ss .~J mn -
z e ‘ > z so
a e “ 2 on
e £.., 8 2 = 8 x
¥ 28 8x8 € 2 <* °
2 & o 38s 5 8 S
gag Zz by c=} ™
=> oo now ~ e >
eos uw tao<d § o wn"
74,image_000077.jpg,"A, } ih
—_——— y, \
TIMINVOICE 7H [f°
y f
To: Mr. Mark Walchak OATE: April 3, 1995
PHILIP MORRIS U.S.A. PM 708
P.O. #: N84627
Invoice # 12241 Lines: 2
Joba 12624 BUDGET: $4000 - $5000
TO PRESENTATION
FOR CREATIVE AND/OA PRODUCTION PROFESSIONAL SERVICES RENDERED IN CONNECTION WIth
THE DESIGN DEVELOPMENT FOR:
Project EZ #1373 (T. Garguilo) Shorewooa Meeting 1/27/95
PROFESSIONAL SEAVICE FEE® $2,550
OPC's (OUT OF POCKET COSTS) $1,888
TOTAL AMOUNT QUE $4,438
' f Oat Invorce @ Invoe Total
Previous Billing History: voce owe | ~
i)
<=
IF APPLICABLE, ADDITIONAL OPC's WILL BE BILLED AT A LATER OATE. bed
“PROFESSIONAL SERVICE FEE IS ROUNDED TO THE NEAREST DOLLAR. _
TERMS: NET 15 DAYS FROM DATE OF INVOICE. PAST DUE ACCOUNTS SUBJECT TO 1.5% PER MONTH a
SERVICE CHARGE. Qo
TNe EN EIN
sae OME “Reel Ca a ns SUN PR ANG ES hE rar tid ek tat ae a"
75,image_000078.jpg,"_[BRENHAM
exennae, rena tiegcene —___
GROCERY CO. Prana: (HON O2.7 993 .
@ SOLD TO: ae ACCOUNTNO.:
ADDRESS: SALESMANNO:
CONE QUANTITY PRICE SIZE & DESCRIPTION _..
666-4130 | | Maverick Menthol Box 100's _.
666-4188 Naverick Menthol Light Box 80's
. 666-4155 Maverick Menthol Light Box 100's _..
ee ee ee o
es ee 2
_— Ws oe .
wn
es ee eee So
WN
| || | a
| | | ~"
76,image_000079.jpg,"° e
Bozell Worldwide, Inc.
40 WEST 23RD STREET
MEW YORK, NY 19010-5202
@ INVOLCE DATE MAY24/99 INVOICE PROS-002122
DUE PATE gun13/99 PAGE a
CLIENT URL LORILLARD TOBACCO COMPANY INC. LORILLARD TOBACCO COMPANY INC.
PRODUCT YSPP YOUTH SMOKING PREVENTION PROG. YOUTH SMOKING PREVENTION PRGX.
JOB NUM 6007 Research - Pocus Groups 714 GREBY VALLEY RD, BOX 10529
PISCAG YR 1999 GREENSBORO NC 27404
ATTH: VICTOR LYNDSLEY
——— SSS
This is a Progress Bill Invoice Ant
Non-Conmissionable Charges 39,134.10
Commissionable Charges 0,00
Agency Commission 0.900
Invoice Amount 39,234.20
PLEASE PAY THIS AMOUNT 39,134.10
e flee 0 Bll slob
d
: LIEGE
Previously Billed 9,00 Remit To:
BOZELL WORLDWIDR, INC.
P.O. BOX 198261
ATLANTA, GA 30364-8261
co
Nn
oO
Ce
™
—
e ce
~
i
- q
ORIGINAL"
77,image_000080.jpg,"to""
205
a
Philip Morris Philip Morris
Attn: Willie Smith, Asst Brand Mgr 120 Park Ave
120 Park Ave New York, N¥ 10017-5592
New York, NY 10017-5592
[more TO CC“‘“‘CRSOOU TERRS :
fuyoyss | | NET _10
Se OS; >
Price
B&H SP KNG (23000ALL00-4010- ) 280832.00
Benson & Hedges Special Kings Promotion
Expense Invoice #15
(1) Administration = $ 280,832.00
Applicable corporate administration expenses for
executing above program from Jan 1 - Sept 30, 1993.
Please Remit Payment To:
Post Office Bax 580073
Charlotte, NC 28258-0073
N
i=]
+
>
a
~~
>
c=]
N
So
Teo cE TOTAL.
280832.00
Per-ooo1"
78,image_000081.jpg,". COVINGTON & BURLING
1201 PENNSYLVANIA AVENUE. N.W.
P.O, BOX 7566
, WASHINGTON, 0.C. 200466
TELEPHONE
(202) 662-6000
EMPLOYER IDENTIFICATION NG.
53-0188411 ACCOUNT NO. 19750-3
STATEMENT DATE
May 30, 1995
To professional services rendered during March
1995 in connection with the Seckler matter
Fee 26k wee ee ee ee we ee $ 7,049.18
Share of Philip Morris Management Corp. » . $ 22762,29
JPR/ceb
nw
o
shim
mm
w
a
ws
on
-_
cr]
PLEASE RETURN ONE COPY WITH PAYMENT"
79,image_000082.jpg,"ome wo. P.0, ‘wow Lt-11-70 C € Cn
NEW YORK 10017,___April 24, 9 72
LORILLARD
200 EAST 42nd STREET
To___HAZELTON LABORATORIES, INC,
—____ P.O. BOX 30
—___ SSCS. CHURCH, VIRGINIA 22046
i
A
i es
i ee
ee ee
Fs se Oe
i ee ee
es ee ee
i es es ed"
80,image_000083.jpg,"e TED MATES & COPPAME, IKC,
BROW 4 WILLLAPSON TORICCC_OCRFORATICN
PRINT PRODUCTICH ESTGMATE -
BRAND . DATE PRCRAILR 19,1775
a —
+ CAPTION EST, #__WH-Pho7)-9
“gusypcr ART LLUSTRAT LOR BK COLE F
Ee ——— _____—_—___—-
i PHOTOGKAFHER/ARTIST sos gh ay
A
PUBLICATICN(S) coves _paT£(3) $128(3) CoLOR
| TEST ¢D wa 9 3/8 x 12 1/8 afc
ee
| ARTWORK (DETAIL) ESTIMATED cost
| @ 20205 OP MAIN IJUISTRATION & PACKAGE 100,00 *
MOTOIETIERIO DO
' “ty PRINT FOR COMPREHENSIVE Ba ey
RECHANICAL , 00
| dv
yas Lost
, ‘ ’ “ F
BiGRAVING \W , ist
BARS .
QUANTITY REPRINTS 1200 REPRURTS &/COLR tor 1,066,007
PROTCSTATS & OCFY PRINTS 10.06
| | { > F Mev TOTAL 2260.00
Agency approval__\ i Date! bef AEKY
COROSSION
Sliont Authorizatiun Data V7
SALES TAK __ 229,60
, Report Authorization ?
OPP AbD GOES KATIONAL PEE LHCREASES $50.00 ORESS TOTAL _ SeE9.U0
Production Cost
Against Budget Fors Butieato actual Invoice Date
First Half 1971 ” sed9.e0
rst Hef 19 % fo. wae Ad
DOTICE UE TE alt ssw 1S LESS CLEAR 7 7 T
THAN UES Mast IT TSU ee ¢) 9 7 |
wy tt ebro BRS CPENLA, i / 8 le)"
81,image_000084.jpg,"LEO BURNETT U.8.A.
2 POON oF 480 OURNSTT COMPANY, Ne.
ADVERTISING
ouTDOOR ESTIMATE RECAP - 0009(S)
PERTOCO GATE 05/03/96 .
@ 01/01/98 TO 12/84/98 PAGE 1
CLIENT: P.M. INC. OFFICE: 10 ORS: TTTA (HS07) 20 SHEET
EST NO: 6172 RUVISES EST OTD 03/04/26
. . . ~ . “* PROUT:
TOYALS BY PROOUCT/HRKT/S ZON = /MONTH
10-MARLBCRO
SHONING DATE
EST ANT EST ANT
WexT/S ZON —- PERTOD AROUNT CHANGE
. 1HO-NEM YORK WAY 1096 47,008.29
QUARTER 2 47,008.29
wu 47,003.28
sep 47, 00,28
QUARTER 3 04,010.88
TOTAL 149,018.87
QOO-MIAMI WAY 1008 4,867.60
QUARTER 2 4,867,850
vu 4,007.60
SEP 4,867.80
QUARTER 3 9,736.00
TOTAL 414,002.60
@ SNO-DALLAS/E WO MAY 1995 9,086.00
QUARTER 2 9,086.00
we 9,088.00
sip 9,086.00
QUARTER 3 18,172.00
TOTAL 27,288.00
SPO-ALBUQUERQUE HAY 1995 42,827.66 .
QUARTER 2 12,527.66
’ wu 12,027.65
. QUARTER 3 $2,097.66
TOTAL 26,098.32
2Q0+HOUSTON WAY 1996 7,847.00
QUARTER 2 7,847.00
wl 7,@47.00
sEP 7,847.00
QUARTER 2 16,694.00
TOTAL 29,541.00
. n
S
3S0-SAN ANTONIO BAY 1995 24,078.68 zg
QUARTER 2 24,975.08 8
ul 23,894.00 iJ :
QUARTER 9 28,504.09 8
r ) wov ac.s9-
PORM MO1A REV 04-14-BE"
82,image_000085.jpg,"- ACCOUNTING OFFICE | bu Ans UN VWILE ¢ OC tant feLe Lovee
. BRAS a6 Yt $66 FIFTH AVE AGENCY NUMBER 1.26040 PAGE NUMOER a
e TEL 617-266-2141 NEW YORKe NY LoL? sp 12 08
POUT a ee
© rays ERIE E/N EUSTEP VRET sivas] a1-su| — p-105 ohare | vat |i bebe i Ev if | sosazosco pabst
. it : EMAINS Buc]: 2 rae H Pate i ot tt
@ TOTAL JANESVILLE/ELOLT-METRO UNTE | | uesSq : to: [eSvya}i 3 3ad2 [+1 bo 4
ia . Fn Lopbe os ty bos pot bo
e ror, UAEARNES! $382 0gRReUNT apae7 wo Prece abe: 002427 i 13688 1 3483 i be 50239659 |
ti : tor fit en ;
ot i Total. OVER 90 Daps: otc 1 i tease |i fsour | {0 i
en : l oaseliogss |! | a7 io: bak
« EMR ORT onTLAnO ny S| OA TL AN NY * iad = : EWSP: ANS { 9836 193838 1 $338 i bo WOTITEOOR ad
fo. . t . t . , . t . .
e . fot at i . ’ H : Hi . : L . t : . '
TiExsrouce nc RABE ""© [RTH sae |e fobeoeleaeoeet 1s Thaage || Baees | fo |Toeeboros pobr
@ LANDON ASSOCIATES, INC. a INVOICE / STATEAMINT DATE 4/20/87
41 ACCOUNTING OFFICE LORRULARD INVOICE / STATEMENT NUMBER 150982
Pt 38 NEWSURY STREET || 666 FIFTH AVE AGENCY NUNBER L@6040PAGE NUMBER 2
. TEL 617-286-2141 HEM YORKe NY 10103 RP 12 OL
: moouct ee ee ee
e TAYE Ro cxory Ne re agony ae ae ies ¢ 43 Bao Pad-28-8' : i eis H 1388 H ‘oo 709643109 7
. H 1 oe es ee . . . 1 . i . H -t whee Hi . a . H
e PAYS. ES souny nec SAE TSE NC ee i $29 . a3 doo fa tore ii iste i eee i ino TOTESSTOL a7
4 . i - 2 ods Lop fkop dp tos foi - [it
@ eYae “Rice nrue sc PRE edt oS Ras Fl 33289 3 23 [rood gyrase] |i: | BERR | Pete) i 90 TOTSS420% P3B7
e i TOHGtAL ied uP a. aN ee ee
ta lot : t
PEPE HEsronta nc AEE! MO [APSO Saray et Habeoy | E BERBR TE BREEB | Eo | Rag7aston PoP”
LANDON ASSOCIATES, INC. a INVOICE / STATRMANT DATE 4/30/87
e ACCOUNTING OFFICE LORTLLARD INVOICE / STATEMENT NUMBER 150982
te 98 NEWBURY STREET, Ell 666 FLFTH AVE AGENCY NUMBER LIOO40FAGE NUMBER 3
ry TEL. 617-266-2141 MEW YORKs NY 10k03) psp 12 OS
©THE FIR PHBH PP 000 rE [paves |T Remaa[ { a8r |zerrareet Be”
© FB Hfce ona sc POH tbthe® | PTF BBY | FE fee Wa ced (ad id ee
e Pi || vor cumrexr |: |: ppaode |} asezoo |  asae
cay SERVICE by: SAL OF) Baas : + iftasae|f fas] i: | go 2
e SENIEE SHARSE OY BYERBUE Skt 8 RB tor, Nice cuts by dycroue cA H : tat H tat tbs ert etd @
L1H] BRYA Besneu eabahce i: eggs |! Bie toi 3
ve 4 On | ‘ 7 ' .
e » 1 || BEAR RERFAGE @#p BS penove ac); | ogech UE te | fall
!"
83,image_000086.jpg,": ‘ REGIS: vit Z ,

: CRC CONTRACT RESEARCH CENTER BV.BA/G.P.R.L. ‘
Goons nea ee
GeadrocccordesAaressée: . . . ~ Toltaarvya du Péage tote .

ee oy Teletoory Téléphone: 02-720 55 94

. TELEFAX. . Tolefax/Télétax: 02-725 12 09 .
Plakt : ‘
. t.aiv. Dhr. Van den Bynde
Hermann Debrouxlaan 17 . ‘ . .
: ; . JGB/MIV
B-1160 ‘ Brussel , .:
ing Nr./Commande No.: . _ _ DatunvDate:
Bestelling Nr./Commande No.:, 79/92 ; . 28 jan.92
. Poulter cans exseption reprences cette rirérence ow te feature)
 sethaegraey, % Pieters ; aankoopvoorwaarden: zie
RSAC ee ix brief van 29 apr.91
o . .
“ ‘POSTIE -*. HOEVEELNEIO EENHEID ARTIKELOMSCHANWVING PRUS
_ POSITION QUANTITE —sUUNITE DESIGNATION D’ARTICLE - PRIX
“1 . -. Inbouwen van een door u
: oo geleverde koelbatterij
se en een absoluutfilter in het
. LO luchtkanaal proceslucht
: . met inbegrip van redukties,
. oa . moffen, flexibels, ondersteun
. voor absoluutfilters en her-
: : oO . stellen van isolatie 22.700,-
. . a . .
. . . TOTAAL: 27.700,-
: Lo. . . mufscs== x
"" ‘Dit is. onze schriftelijke bevestiging van ons telefonische onderhoud 9
van 28. jan,92 met Dhr. Van den Byhde.. ° oe aa . oe
Picasa rey i 3
- vetingsnneyttia de trends . —— —
. ve : ° vo 31 jan.92 : J. Van gen Bulcke
Levert feryCon fiona d itaieon: Management Accountant ~
eo tide *  franko ,
Betaingsngze/Mode de paiement: (7 3.8 bij kontante betaling : .
. as erarnannenes Vere Pevemtem Meme wnawnann wee ."
84,image_000087.jpg,"SESE=|==: OBI FRevEiPT MAIL \
———= = =—— arverpenrnseress (9 tol. 1010) 61 90 22 REGISTER 4,
——4 3490 ZUTENDAAL fas (01 619072 Ay
BVBA eee
. <_ LUMAC LSC-PRODUKTEN
ADRESSE DE LIVRAISON -LEVERINGSADAES ADRESSE DE FACTURATION - SAKTURATIEADRES
CRC bybe — CRC bubea
Tolleen 10ic . Tollaeen 10fc a
* 1932 2ZAVENTEM rT [7 | 1932 ZAVENTEM
FRKTUUR : . A MENTIONNOR LORS DU PALEMENT SVP. ¥ TE VERMELDEN Bi) RETALING AU 8
. 435.065. 065 202005 92158 ‘ 24-03-1992
TICLE , DESIGNATION QUANTITE . Rix crt uRe MOMTANT ie
nine OMSCHRUVING MOEVEELHEID EENHEIDSPRUS © BEDMAG + atv
160792 : :
88143 ACETONITRILE HPLC 2.5L . 1 4300 43900 4
. . 4900
a . : , .
. * : n
: [=]
N
sr , 931 re Tora ow ‘931
| . / #$e316 j
. ‘ ECHEANCE ¥ VERVALDAG *
i . gb. hae tngO-04-1992
EAD My t OE
- . "" i“ 5 lite Poe
Brw anne .
""war epee : . ."
85,image_000089.jpg,"- rn
2?
cn
ws, aa
\NBIFO institut far biologische Forschung GmbH il re
Vertragsforschung
+ §. OSDENE 8
Kaufmannische Verwaltung
SUL 987 Tetetore: 02200) 3900-1
Telen: 08 874675 ite
Tedetax: 02200) 303362
mee ttt 2200909962
NOB O wean he betopache Foniching Fuggermatie 2 0-000 Kon 00 Grasanes Bam AG KO
PABRIQUES DE TABAC REUNIES S. A. Sorze tse (OU? 370501 98)
P. ©. Box It Postschack Koin
° Kio, 1920 82-504 [BLZ 370100 50)
CH-2003 Neuchatel
Moved Tene 70 190% Int Zechen
SWITZERLAND pomoved Pimniieae Wer Sctireden
way ‘or M (492 Unser Zechen =ABB/IBM BHSSB3
Bary oa wt Rat. a 0500/3059-5119
snd bon 4d Kdin May 29,1987
Ragnar Rylonder
RECHNUNG Nr.: 67014 Ee ans
Be: Zamung bitte engeben
Press:
. Om
Se: Research work May 1987
3059 Headspace Analysis of Whole Smoke 644,--
3063 PAH Determination in Condensate 62,--
3068 10th Skin Painting, Mouse (PT) 16.641,--
3100 General Activities and Expenses 61,639,~-
3111 80-Week Dermal Application of Mainstream 125,--
3115 80-Week Dermal Application of Mainstream 636,--
3118 Mutagenicity of Tea Infusions on Salmonella 250,--
3120 Tumorigenicity of Mainstream Whole Smoke 99.916,--
3123 Comparative 21-Day Inhalation Study 80.342,--
3124 3-Day Inhalation Study with Sidestream S.312,-+
3125 Comparative 21-Day Inhalation Study 17,548,--
3126 3-Day Inhalation Study with Sidestrean 182.477,--
3127 Comparative 90-Day Inhalation Study 130.474,--
3129 Mutagenicity of 3-Hydroxycotinine on .
Salmonella Typhimurium Strains 43.712,--
5022 Determination of Nitrate and Nitrite 3.845,--
5026 Testing of a New Developed Smoking Machine 1.099,--
$044 Natural Killer-Cell Activity 1.135,--
5052 5-Day Inhalation Study with New Exposure
Chamber V.911,~--
$053 Analytical Evaluation of Smoke Components
in the Exposure Chamber 4.040,-- =
5065 INBIFO Transformation Assays 3.117,--
5069 Establishment of a Method for the Pre- wv
paration of Nuclei for the Flow cytometric
Determination of DNA T31,-~ Ss
S070 Plow Cytonetric Analysis 11.932,--
5075 Establiahment of an in vitro DNA Adduct el
Formation Assay 275,-- YN ems
: earry over 658.563,-- LH
2arter 10 Tage ctne Atay ESS OO es @
ca"
86,image_000090.jpg,"» 9° =x a
: > we -
~ ze fo]
« . © « 1 9 e
a> 7“ x am ion ZI;
ES 5 go 3 Si
30 a & > ex: 2 ele
o< < z wo 2 NE
re z ™ =r o o>
3. tp ° eo S oz
o 4 c Fd ma): :
zo w 2 Vy
- Fe “ a 7a a
x mz = 2° | .
o 3K ~ = zo
Py ° < ne f a
bad Cy 2 D att by
OP 4 a al.
>» 22 e = ue | = fed
~ 22 a s a : ” a
b> ac ° r vec < |
a “ oa . Beil:
a ~ ec 4 ur 2 3| 3
* 5 2 8 BP 3
a :
-, ° re} u
$s ° “8 g ~ Sie
Sf ag a: 2PHS
vo} S' x if 2-81 7°
~- . an’ c i fA a er;
8 & = : @ !|8)
ra 2 32 3 c i|8
2 uf a8 if & ! ‘
f owt “ t | > | :
% we < n : iz :
6 “s 2 & &
ad a = ' tS I
i) = 1 zu '} '
~ n < ‘By > is) 3 i
2 2 D ms = | 2
s & .: a
= 2 : Zz |
° > a i 4 119
o 3 ” w 2 "" z
- ‘ 3] 7 .
3 F ‘§ i] 3
~ ree . ‘ 3
a Vath! c =] e
% hy \ Eq zl]
a ial
7) » 1 Fe
z c te
: 2 |e |: 2!
. a oo. 9 an
: a we | c :
(| le: 5 2
eo ale: & $;.
‘ 2}: SPH
"" + S ef:
4 -£ o = =|
. 4 o . |
Leathe Pa 1 a. |
MEH LIT] i: , So
o ,
- whee oe oo tote -
- wn
Ss
wo
. @
a
Nn
a
wy
a"
87,image_000091.jpg,"1 ooo SPSCVPVQEGCGDSD GHA HH un
1 mM Mate ooo S90009000dG0 Ge w
Ya a no - pee oeeteaeeea ee ee a ‘
ae £e° 40 zl ae E2NONOCNONIORK §- oO 0 Oo in G
, = ie >) wo Nene nwtieN OO 3 + we a
‘a Nn o| oo weer eee FN OOO . \ Te
a ~-~ ™ =z see ene ays a8 s * a Na
t 2 « oN < terete te OO nN g 2 S
“Ww <« 92 cr cre uw t+ s. eo & f
2 “
} = Hot ae we > ee 2 3 o \ x
| 4 @ oO ew : ° o 2 2 _ +
+ oy w £OU ua o oo 90 - —“ 3 \
4 ew mz« & ° 09 0 av = ss “
a ool o a < m mM eae .
3 Ze 4 ‘ eo « #e ZO
: wz ° oo wn ra al
1 KE aa a, NJus 2 :
| 6 eax cy wT TT Lan Vea ~: =
7 W ou Qo000006400 0 id ja +i «
a te an QOwovwowovwonw Oo . for) 4a Nn a
* oo <u werercete re 1 y ~ °
: @& wi Rae Ce oO 4 loc n i
% aw on \ o
= 4 : eS On, ES =
: ” < 2°90 0 2 ine D She Ben an .
fb oe “ EReke 8 8 SNE BER
= ° x a a lS <7 a
. iw - \s IN [> = .
[> 7 3 fete he —i_ > \g oS
” - x Na 2 4
: QA ro) wz). - mm « \ d Ny is c, 3 co
am < uw ia - - ~ ™ Nn -— Tr
: r= g =x ~ ~ ~ ~ ~ ~ \ i S
: = e nu spun wy ny q \. 4 . ‘O
: o eo} eo oOo oe 4 m a Fh
‘ wu nen, Cay SEE, BOE. Se ed 7
: 3 Popo’ —K = y
4 F y nest Na x -
- ‘ © co
} w CEN le ow ~
: - BN ° =
t > ‘ NS i
- 5 _ —_- ~— —__ .. ... .-- aor So «
o Ce A ate 4h ) a)
: w w * CPP RE NNN ANN Ni : oo
te a < w NANNKANN NNN
i Pay a oooocco00G0 ~ ; we
¢ be » v / =
A > ¥ * y
«< yy , : x >
1 xz © £ Oo « 3 HY w o 2
‘. ~- ow Oo ow So N y - « °o
' < > x* © 2 £ . Pa fd » 3
S = a tory
4 caOone
: Zz bd YOY 3 <a<xa
‘ of < Wo < eawe
"" =a w vi s | z vsa>
. <5 _ «< < &: ° tm
. 24 a PPS > Pea Lanse
: oo: 4 ‘ \ oF) N - evow
-b> 4 a x res NR < Rave
‘ Syz =) . - Ky \ =
1 OFS wo ' ~ = A) my ~
: SH¥ is rp i<j rs =
| » €r GO ” 7) =N \ af
: OG63e¢ > a a) wa a CN Ba fN ENG
4 ° re) 42 xe Seb 5
: FA - « o © wo OC Os a) w
: OF Peo «xO O OHO © s = a8 :
: @UZ~w wae LOW tf Oar Ss & oe eae
| rs) aod wcte wwe - 2 2 ONG :
. vr owns a zee x“ vo & gan y
. -& F&F O NONFN KO Ww 4 Zz
. U nO Zxwun enue toad ""mn uo - oad “5 ~ Z
: «| oe aS a 4 oa = 2 HS 26
“i (rat o| ax Cao OWuURe WwW & w > Same Z
i ms) wow ePao Qaoca o +k &@ OG 2 8 WO_E
= e e Oo wo rm 4 Eecs
: (22a nw . a u>m vou Bere ru vue > oad 3e%
- peers Dal > ” vac rr pre rw rr rz) fom) é yz
: m 2 ej; 244 eO4ZOCOSONGCeY UH: a a “os SN
' Nn « vol « « Pan et, ee Ts) ave < esi x2 § 25H
: wn“ Al aK Cree ROR ORE RK Ew uo = 2a
c=) eee ial ao eLOROMNONEORE Cu « GC zs ui aa
ie «a r=9 aa Nene Rerreuer & - ae 3 Led Sox
+ oo fe —_. a ee ¥3 &3 ~OaY
“ a - nc wr3errerrrecre Ga ax &
“s =z @a eoosco0n00eono 2 §3 Oo 2
3 > wo NANAK SENN | ge x
* roy i» a BOO Ms PIO WO OU & OY é 33 yy VU
oe “OQ aa we PPA 8 Pw BE Z =
. e vo oa Si i A A ae a aa) < = a
. = 24 ae ADRAARDWAAAAAH z
> BOC LAY GH wErs ol"
88,image_000092.jpg,"~ aa
RECEIVED
CENTER FOR INDOOR AIR RESEARCH OCT 0 4 1985
| aws. |
INVOICE
i
| October 1, 1995
Lorillard Corporation
P.O. Box 21688
Greensboro, North Carolina 27420-1688
Attention: Dr. Alex W. Spears ‘
\ October assessment for CIAR $47,770.00
a
©
“we
J
- eG
pry
to
1099 Winterson Rasd. Suite 280 @
Linthicum, Maryland 21090-2216
(410) 684-3777 Fax (410) 684-3729"
89,image_000093.jpg,"EE
CORNELL UNIVERSITY
Statutory Finance and Business Servic “a
Restricted Fund Accounting . yt
8-4 Mano Library Building
. Ithaca, NY 14853-46301 : 1
(607) 255-6527 fu JAN 2 4 i200
CENTER FOR INDOOR
ADDRESS: Invoice Number:
Pamela Phillips Period Covered: 12/01/89-12/31/
Center for Indoor Air Research Award: 269,869.00
1099 Winterson Road, Suite 280 Received to date: 23,024.93
Linthicum, MD 21090 Balance: 226,844.07
PROJECT: Effects of Smoking Regulation and Building Ventilation
STATEMENT OF EXPENDITURES
EXPENDITURES current Cumulative
SALARIES & WAGES 3,361.79 17,048.47
FRINGE BENEFITS (25% 798.08 4,168.18
NONSTUCENT S&W)
+“ FROVED FOR Phy MENT
EQUIPMENT 0.00 19,267.96
COMMUNICATIONS omy LS 70 268.34 981.0%
vendor # aa FL) D
TRAVEL pecan! 2ELE Lief 83.29 94h .29
, La!
FILT 77 0.00 0.00
Vendor @ axial habe
LEASE & RENTAL Accowe 8 KY -004 32.00 160.00
ee
REPAIR & MAINTENANCE Chee © : . ooo. 0.00 120.00
SERVICES Se hte 33.65 629.40
PRINTING 67.30 77.30
SUPPLIES &22.85 2,076.70
CONFERENCES $5.00 70.00 N
OTHER 0.00 0.00 i]
INDIRECT COSTS 1,280.58 6,563.86 5
TOTAL EXPENSES 6,402.88 $2,087.20 %
Amount Due Cornell: : 6,402.89
Additional Comments: [om]
Cornell Acct No: 327-8344-340
Prepared By: Acct Receivable: 827-0153
Lynne R. Lehman Source Code: 7200
Accounts Coordinator Oate: 01/22/90 ."
90,image_000094.jpg,"Rican AOE RR ASEM ORER MLE Ce Tra ays Care Mae eT eee ors
‘be Myce ita GB ABEE Pree DE LS ete Seen pak 25 ee ree a“
Payee ge tee ae ito gr SP BRR DOT ES ae aati PENT CEE
a EEE ne Pee Oe ee eee
— re, InnSuites Hotels
, Ce ZO WN. Miller
‘Sie wees ieee, Seotlsalcle, &
See a Sigd ene tinea ee
nb RG RL oho ver a FESS Shore # 195 q
| From! Miheel Grep
224 WN. 20"" Way
$0 ttsdale Az wi:
3 re.
¥sa57 ca
a :
: a oo 900-842-4242 3)
t sea Anum Choice Reservations:
: lempe/Phoentx Alport, PhoenbyGooitedale,"
91,image_000095.jpg,"LEO BURNETT U.S.A. |
‘A Brvosion OF LE8 GURNETY CamPury, INC.
ADVERTISING
NEWSPAPER ESTIMATE RECAP ~ PNOS
PERTOO DATE 01/10/97
01/01/96 TO 12/31/96 PAGE 1
CLIENT: P.M, INC. — OFFICE: 10 DESC: 703A MILITARY NEWSPAPERS
EST NO: 6004 REVISES EST DTD 12/13/86
MRKT/S:ZON
TOTALS BY URKT/S ZOH /PRODUCT/MWONTH
3GO-NEW ORLEANS
we eee ne ee ee ee ee ee ee ee ee
: “est aut EST AMT EST AMT
PRODUCT PERIOD AMOUNT CHANGE Less c/o
10-HARLBORO FEB 1996 875.27 ‘ 878.27 .
. QUARTER 1 875.27 875.27
MAY 1,284.49 ° + 4,284.40
wUN 675.27 875.27
QUARTER 2 2,158.67 ; 2,159.67
wu 875.27 878.27
aus 875.27 875.27
SEP 842.20 642.20
QUARTER 3 2,392.74 2,992.74
oct 642.20 642.20 .
NOV 642.20 642.20 642.20
QUARTER 4 1,284.40 642.20 1,284.40
TOTAL 6,712.08 442.20 6,712.08
—— .
nN:
7
. 8:
: oN
: 2
' 6
(oa
FORM BOTA REV 04-14-83 . ."
92,image_000096.jpg,"ce INVOICE
* PETERSEN PUBLISHING COMPANY ae
.
"" 4310702 %, PLEASEREMIT TO:
PETERSEN PUBLISHING CO. |
-  saptos LORILLARD MEDIA SERVICES = 4 P.O. BOX 2319 ‘
.. . C/O BETTY EPPERSON NEW YORK. NY 30257-2318:
ia bbb FIFTH AVE .
NEW YORK NY 20203
. RETURN DUPLICATE WITH REMITTANCE
ACCOUNT® LORILLARD CORP DIV ron AP aan
3032306 ON Favs GE ONLY PAID
Sa cc lc sl cl
COLORATION: NC :
POSITION: C2 4
AD SIZE 1 PG 27.702.00 |E
DISCOUNTS :
PAK b.0 % bebb2.22 |E
. AGENCY COMMISSION 3,905.98 IE
WET SPACE 224333.40
soso cso | Ee BAT d
NEWPORT HAAGATINE Laktot B |
mae (NOD)  F
issue | D-\~9 ¢
1 ISEQTION b
uy LES RO! @ bj
vy NV DATE]  § ¥
CHECK + | ;
FE 3Hol
: amount | 22~133-50|
! | EXPLANATION OF BILLING) Saari ae ee Ree aise
|) carmaer wean erm 02.787 crew 32709 ~~ ME co ve: sy Z| ewer URNS RS
:. | ATE ESTABLISHED BASED ON: CONTRACTORNOER AS EAMNED X Dey
| one: PETERSEN MAGAZINE NET ; ; , to ee
, NOTICE, F YOU HAVE PREVIOUSLY PAID FOR TINS INSERTION PLEASE DISREGARD ""
THIS INVOICE. (7 HAS BEEN PREPARED FOR YOUR RECORDS ONLY.
; CUSTOMER'S COPY ;
5
|"
93,image_000097.jpg,"a
ees a ee
PET EET TE
20 £ uw 3 Eb
x § D © —
eo
Sade a
~ > g
z ga a!
‘Si HL fT al oo =
O go uv a a ma
3 N =z] wo) Fg fe
ml 5 a| a fz 3
a i} ¢ | 91 6 i Og
< a : g SS IS
. &
) Zz 4 a Ry
g 14g) 3
a B| i
3 FA
qs a
5 | 2
Pt TTT TT Tey
6 M
‘ 8 |
. 73 5 |
1 ie }
. ® | . 1.
t : a
@
a
ra)
-
or}
vi
a)
a"
94,image_000098.jpg,"O3119B 12:38 9107274902 W. KLEIN & ASSOC. @oees-ees
Walt Kisin Assoc., Inc. INVOICE
Brennan Dawson Number 16033
Untied Program Cate yee
clo The Tobacco Insitute POs -
1875 1 Street NW Charges -
Waahington. 9C 20006
Sob Name: Fulfilment Materials Production Phace ti
Agency Contact: Doug Ancerson
Ovscription
Billing for Pent.ng of FLY ment Vateraie for worken-progress Irvowe 3 taxed ow bal the estimated
Printing costs, ser the bucgat for Tiaterieiz production {or all kt componer’: Balances to «t
comporent q.antties wi be invoiced aa produc!s are delivered to WKA a7 3 cf ennt Eroducticn “+
corrptated and verified.
Printing $1,172,740.80
“om Quantay 1-2 Estate,
Fis 50.000 $6.0.900.0¢
Window'deor decas $99.209 $9° 8,290.0
Short run calenda: repast €0,000 $55.893.8¢
Calendar repent 159.590 $e¥4.837.8C
Counte: signs 930.060 $749,980 CC
Age of Purchase S:ckers €50.503 $25.85C.0€
Videca VAG 3155, 765
Avados 196.006 $95.760.0C
Werncoxs S96.202 $59,967 2¢
Teasheet Pads $30,220 ¥r° GOC OF
2reekteom 2esie-s “S058 34.977 IC
~ tng Sree: ""50 20% ""4.263 90
Ki Box $80,092 $°$.800 Co
Re-crder Fores ""$0.50 52,834 CC
Magnets 30.002 $2,850 °C
Rapa cl ceca at 106% £2240 $22.217 1
eee —
TOTAL: $1,172.740.80
PAYMENT TERMS: NE™ DUE UPON RECE 2”
SLEASE BEM TO
daw Kiem & Assocates. nc.
Post Oftice Sox 10888
“inston-Saen, NO 27:68 w
G10°727-4900 ‘Fax 910/787-4802) ty __
EA 3/ FS
care
comer sccr B20!
rea
TI1680-1240"
95,image_000099.jpg,"- BORRISTON
LABORATORIES, INC.
Bornston Laboratones, Inc
$050 Beech Place
. Temple Hills, Maryland 20748 * INVOICE *
Telephone 301-899-3536
Telex: 248838
June 1, 1984
LORILLARD, INC.
420 English Street
Greensboro, NC 27405
- Attention: Or. Harry Minnemeyer
REFERENCE: (Purchase Order No. 342-A .
BLI REF.: 0 .
INVOICE NO.:7021-1
DESCRIPTION mount
Range-Finding Study in Albino Rats $ 2,550.00
""  *A-158 (Phase 1)--------------------- $ 350.00
+A-156 (Phase 1)--------------------- 350.00
+B-169 (Phase I)--------------------- . .350.00
.A-160 (Phase I & I1)---------------- _1,500.00
$2,550.00
OE MAY, eaten
G-6- 84
; Degt 2590
; Acct AAU
x
REMITTANCE ADDRESS: N
Borriston Laboratories, Inc. HN
DYNAMAC BUILDING a
11140 Rockville Pike N
Rockville, MO 20852 >
. .
A Subsidiary of Dynamac International, Ine INVOICE ; . wo ao"
96,image_000100.jpg,"SPENGER SPORTS )/ECEIVE
MoE 9 fue see
@ Amey! “=
FOUNDED S301 , _:
547 SAW MILL RIVER ROAD
AROSLEY. NEW YORK 10502-2113
Fel.{914) 693-7500
Fax (914) 693-4461
TO: GARY CAPREOL
PHILIP MORRIS U.S.A.
120 PARK AVENUE
NEW YORK. NEW YORK 10017
INVOICE #ANA/PM3-97
DATE: MARCH 1, 1997
FOR: TO BILL YOU FOR YOUR ADVERTISING PROGRAM AT
ANAHEIM STADIUM FOR THE PERIOD 4/1/97 - 3/31/98, AS
FOLLOWS: |
.)°
INTERIOR ADVERTISING FEE $185,700.00 Wu
+t
@ TOTAL AMOUNT DUE THIS INVOICE: qi
, BO
$185,700.00 NET i ( you 4)
PAYMENT DUE DATE: / . Ss '
NET 30
“ADDRESS FOR REMITTANCE: SPENCER SPORTS MEDIA, INC.
547 SAW MILL RIVER ROAD
SUITE 2-C
ARDSLEY, NEW YORK 10502 oo
PLEASE RETURN ONE COPY WITH YOUR REMITTANCE iy
g
o
o
—_
g
a"
97,image_000101.jpg,"| rt
| INVOICE ORIGINAL rd )
AMERSHAM PHARMACIA BIOTECH amersham, biolech
: 800 CENTERINIAL AVE phaemects
| PISCATAWAY, NJ CBRSE
| — ne a oa
_ 41111203 20/9/72.
ear , ORR aes
| 1 £002M00992 |
WhoabibabraalsteatsteattHrralbsethanetttieedbselatd + AMOLE OR vere MOCOUNENMD -.
—™ ony ve tee tall anvneel UbfeenbEsseeUat 34, 783,20 306576 :
| — aye box z00u Rirrvect 4
CINCTREATT ea atch euHot a BN BE
| SNP 1OADORESE.
OHV OF CINCINHATY
123 BAST SRIELOS sT
252 KETTERING BLOG
| ORG OAKLEY ;
CINGCARMATT OH 48206
so nt ik _— Aegt — FOS Stee PONT 82660030
DOG fT RSI6IOD fig ~  ialnaoiaed W/TRACSSACONP. 4 t 31, 289,20 BR, 783.20;
f | | | | /
I | | fot
| | |
| 2
i
| | | | ECEIVE i
ao
| 8
I OCT 16 20 N
| a
| f | ACCOUNTS|PAYABLE
— | Loa Jou... ie .
TeRMSanE | UET (0 GAYS PROM INVOLCE OTE
SUB-TOTAL 31, 783.20
For Inquires; 1-£69.526-3503
TAK (0.06 4) 0.00
Al Claims must bo made within five days. [cane anaes 9.00}
H Amount Ove | 31,783.2!
QUEDATE: 1E/8/Ol oo Le
REMIT TO:
AMERSHAM PHARMACIA BIOTECH
P.O, BOX 181941
NEWARK, NJ 07191-1891
saaaary se1-009"
98,image_000102.jpg,"a
ORIGINAL COPY OUTDOOR DISPLAYS
FAIRWAY mA PAMITED BULLETISS
FAIRWAY OUTDOOR ADVERTISING POSTER SERVICE
INVOICE NO:
3020016
INVOICE DATE:
LORILLARD MEDIA SERVICES 02/15/1993
ONE PARK AVENUE CUSTOMER CODE
00011
NEW YORK, NY 10016-5895 CONTRACT NO:
143
SERVICE FROM SALESPERSON
DESCRIPTION AMOUNT
1 PAINTED BULLETIN P. 2,000.00
383 E. KELLOG ON LAPAYETTE BRIDGE F/S (14 X 48)
MINNEAPOLIS/ST. PAUL, MN Cr va
nN
REceive fey Re
Fe3 24 07 w
HUIS ~
ASE LEQ MERA SERVICE + U5
NATL AGENCY COMMISSIONS DATHTO MEDIA SERVICES D> ER (333.40)
HAR.
k ------ +--+
TOTAL AMOUNT DUE... eters 1,666 .16d"
99,image_000103.jpg,"oe Shy TOBACCO CHEMISTS’ RESEARCH CONFERENCE aE: | Te ae
4 alec y cod Me ape a ; Ut Sey
Crtal Grey, Viewunia ; yee 7 Qetober 10-13, 1983 oy RAS
cy Aes REGISTRATION ate te _ tees
mane (Lest, first, a MAILING ADORESS (Inctude Zip code, . i wk Hq
Dr. A. W. Spears - me fl
é P 2525 E. Market st. iS ee 3
* COMPANY APFILIATION "" P. oO. Box 21688 LEXY . m panes.
Lorillard Greensboro, NC 27420 N ; ie
Las
tt ber PC
| Mt’. TOUR PROGRAM Resi euSatton Niger Amauat xy eae
Tuesday — October 11 eistation $45.00 1 345.00 aoa
White House and Capitol Banquet... .. 2... . 30.00 2 60.00 4 Poe
Wednesday -- October 12 Tora... $105.00 eae
Harbor Place, Balti - “ ce,
_bighiseeng and shoppinal” Tours— Tuesday... . No charge a “Ee he
Wednesday - - No charge 1 . oh yikes
wget . . — Please make checks payable to “TCRC - 1983"" — oe BS
ce _ oe was
. ne, oe
a GREENSBORO BRANCH . : ae
ne ; ” GREENSBORO, N. oly 25, ng 83 .
’ TORO 105.00 °°
Pavrorueonoenor ss TORC = 198380 .
‘ ot OAL RE, Si 7 oe "" ‘ Dourans
A oe ey i) : .
NORTH CAROLINA NATIONAL BANK f LEE. a
GREENSBORO, N.C. iitnn SIGNATURE =
Registration fees & Banquet Fees for: a ent
Dr. & Mrs. Spears ; — 8053300559 O2000139e"" . ae
: 5 Pa.
a
vy
@
. - Nv
Dr. T. C. Tso, Chairman .
37th Tobacco Chemists' Research Confere’
Beltsville Agricultural Research Center
Tobacco Laboratory, Room 115, Bldg. 001
Beltsville, Maryland 20705 a2
» Mxor"
