record_id,filename,vendor_name,invoice_number,invoice_date,total_amount,currency
0,image_000000.jpg,,,1994-11-30,,USD
1,image_000001.jpg,INBIFO Institut far biologische Forschung GmbH UJ ia,,,,USD
2,image_000002.jpg,,,,,
3,image_000003.jpg,"LABORATORIES AMERICA, INC. j",t 812546,1989-02-06,,
4,image_000004.jpg,,,,,
5,image_000005.jpg,INCORPORATED SHORTRATE renee | TENORS,,,,USD
6,image_000006.jpg,"J UNIVERSITY OF CALIFORNIA, DAVIS j",,2001-11-13,49710.15,USD
7,image_000007.jpg,,,,,
8,image_000008.jpg,"CREATIVE COMMUNICATIONS, spot «1.0.",,1995-09-01,,
9,image_000009.jpg,,,1994-10-26,,USD
10,image_000010.jpg,,,,,
11,image_000011.jpg,,,1996-01-10,,USD
12,image_000012.jpg,2 at co e o,,,,EUR
13,image_000013.jpg,"LABORATORIES, INC.",1548-1,1984-02-01,,USD
14,image_000014.jpg,e RESEARCH TRIANGLE INSTITUTE HA e,311T 3668-48,,60.78,USD
15,image_000015.jpg,,,1974-03-20,,USD
16,image_000016.jpg,,179,,,USD
17,image_000017.jpg,,,1997-04-11,,USD
18,image_000018.jpg,o Brown & Williamson Tobacco Corporation .,,1980-02-29,,USD
19,image_000019.jpg,RESEARCH TRIANGLE INSTITUTE R oO,31T 2552-11A,1983-12-30,,USD
20,image_000020.jpg,,,1996-10-04,,USD
21,image_000021.jpg,6 Tobacco Company,,1997-02-20,,
22,image_000022.jpg,,,,,
23,image_000023.jpg,,,,147774.13,USD
24,image_000024.jpg,,,1971-04-22,,USD
25,image_000025.jpg,"pewerriy UL ABORATORES AMERICA, INC. . (703) 893-8400",,1986-01-28,2250.0,USD
26,image_000026.jpg,"Adams Letter Co., Inc.",5035,1982-08-09,,USD
27,image_000027.jpg,,,,,
28,image_000028.jpg,Hele: geet tapwacl CRC - CONTRACT RESBARCH CENTER BVBA,,,,USD
29,image_000030.jpg,crc CONTRACT RESEARCH CENTER aveasprai,,,,EUR
30,image_000031.jpg,,,1987-07-24,,USD
31,image_000032.jpg,,,,,
32,image_000033.jpg,Wt caries River Viga GmbH,,,,
33,image_000034.jpg,,,1991-09-23,,
34,image_000035.jpg,,,,,
35,image_000036.jpg,JAMES ROSS LIMITED VOICE,,,,USD
36,image_000037.jpg,,,1997-10-06,,
37,image_000038.jpg,,,,,
38,image_000039.jpg,Research § Development Department,,1974-03-22,5148.21,USD
39,image_000040.jpg,,,1990-09-27,,
40,image_000041.jpg,,,,,EUR
41,image_000042.jpg,,,1997-12-22,,USD
42,image_000043.jpg,"LABORATORIES, INC.",1544-4,1984-02-23,,USD
43,image_000044.jpg,"LABORATORIES AMERICA, INC. ! roan eo9 b400",,,,USD
44,image_000045.jpg,,,,,
45,image_000046.jpg,,,,,USD
46,image_000047.jpg,,,,,EUR
47,image_000048.jpg,4 Cassidy Company,,1993-12-31,,USD
48,image_000049.jpg,,,,,USD
49,image_000051.jpg,,,,,USD
50,image_000052.jpg,,,1983-01-15,,EUR
51,image_000053.jpg,"DEc 08 Rech shate* NEWSDAY, INC.",,,,USD
52,image_000054.jpg,7 a : . . . at os 4 mT mate | in CATE = Our,,,,EUR
53,image_000055.jpg,Location 00166 INVOICE NUMBER «=«1O1L78G-A,,,,USD
54,image_000056.jpg,Liberty Mutual Tnsurance Company,,,,USD
55,image_000057.jpg,"Ted Bates a comeny, inc /advertising",,,,
56,image_000058.jpg,,,1997-06-03,750.0,USD
57,image_000059.jpg,"Ted Bates & company, inc. /advertising",,,,USD
58,image_000060.jpg,"TO_COUNCTL FOR TORACCO RESFARCH-USA., INC.",,,,
59,image_000061.jpg,,,1992-09-07,,
60,image_000062.jpg,,,,,USD
61,image_000063.jpg,HOWARD A. MARWIN COMPANY,,,,USD
62,image_000064.jpg,,,1991-11-21,,USD
63,image_000065.jpg,ACCOUNT: Sports Marketing Enterprises,,1997-03-20,300.0,USD
64,image_000066.jpg,Sopa) Res ARGS G CO ae ee it ak te “. alee’ tld Mee rena,,,,USD
65,image_000067.jpg,,,1986-11-08,,USD
66,image_000068.jpg,,,,,USD
67,image_000070.jpg,"TeD BATES & COMPANY, INC.",,,,
68,image_000071.jpg,,,,,USD
69,image_000072.jpg,,,1986-09-01,,
70,image_000073.jpg,,,,,
71,image_000074.jpg,,,1986-06-06,,
72,image_000075.jpg,,,1991-06-04,,USD
73,image_000076.jpg,,,,,EUR
74,image_000077.jpg,,12241,1995-04-03,,USD
75,image_000078.jpg,GROCERY CO. Prana: (HON O2.7 993 .,,,,
76,image_000079.jpg,"Bozell Worldwide, Inc.",,,,
77,image_000080.jpg,,,,,USD
78,image_000081.jpg,,,1995-05-30,,USD
79,image_000082.jpg,"To___HAZELTON LABORATORIES, INC",,,,
80,image_000083.jpg,,,,,USD
81,image_000084.jpg,"2 POON oF 480 OURNSTT COMPANY, Ne.",,1996-05-03,,USD
82,image_000085.jpg,,,1987-04-20,,USD
83,image_000086.jpg,CRC CONTRACT RESEARCH CENTER BV.BA/G.P.R.L.,,,,
84,image_000087.jpg,,,,,
85,image_000089.jpg,NBIFO institut far biologische Forschung GmbH il re,,1987-05-29,,USD
86,image_000090.jpg,,,,,
87,image_000091.jpg,,,,,
88,image_000092.jpg,CENTER FOR INDOOR AIR RESEARCH OCT 0 4 1985,,1995-10-01,,USD
89,image_000093.jpg,CORNELL UNIVERSITY,,1989-12-01,,USD
90,image_000094.jpg,,,,,USD
91,image_000095.jpg,"A Brvosion OF LE8 GURNETY CamPury, INC.",,1997-01-10,,
92,image_000096.jpg,PETERSEN PUBLISHING COMPANY ae,,,,
93,image_000097.jpg,,,,,
94,image_000098.jpg,"Walt Kisin Assoc., Inc.",,,1172.74,USD
95,image_000099.jpg,"LABORATORIES, INC.",7021-1,1984-06-01,,USD
96,image_000100.jpg,,ANA/PM3-97,1997-03-01,,USD
97,image_000101.jpg,,,,,
98,image_000102.jpg,,3020016,1993-02-15,,
99,image_000103.jpg,oe Shy TOBACCO CHEMISTS’ RESEARCH CONFERENCE aE: | Te ae,,,,USD
