dataset,column,dtype,row_count,null_pct,unique_count,value_min,value_max,date_min,date_max
ted_main,__SUMMARY__,—,34232,0.0,26.0,,,,duplicate_rows=0
ted_main,_link,str,34232,0.0,,,,,
ted_main,id,str,34232,0.0,34232.0,,,,
ted_main,tag,str,34232,0.0,,,,,
ted_main,date,str,34232,0.0,,,,2022-09-29,2022-09-29
ted_main,ocid,str,34232,0.0,34232.0,,,,
ted_main,Payment Mode,str,34232,0.0,,,,,
ted_main,initiationType,str,34232,0.0,,,,,
ted_main,fiscal_year,str,34232,0.0,,,,,
ted_main,buyer_name,str,34232,0.0,101.0,,,,
ted_main,tender_id,str,34232,0.0,34232.0,,,,
ted_main,tender_stage,str,34232,1.13,,,,,
ted_main,tender_title,str,34232,0.0,,,,,
ted_main,tender_allowTwoStageTender,str,34232,0.0,,,,,
ted_main,tender_status,str,34232,100.0,,,,,
ted_main,tender_submissionMethodDetails,str,34232,100.0,,,,,
ted_main,tender_procurementMethod,str,34232,0.0,,,,,
ted_main,tender_mainProcurementCategory,str,34232,0.0,,,,,
ted_main,tender_contractType,str,34232,0.0,,,,,
ted_main,tender_numberOfTenderers,str,34232,7.52,,0.0,1410.0,,
ted_main,tender_datePublished,str,34232,0.0,,,,2016-04-10,2022-03-31
ted_main,tender_allowPreferentialBidder,str,34232,0.0,,,,,
ted_main,tender_externalReference,str,34232,0.0,,,,,
ted_main,tender_value_amount,str,34232,4.62,,0.0,20000000000.0,,
ted_main,tender_bidOpening_date,str,34232,0.0,,,,2016-01-06,2022-12-07
ted_main,tender_tenderPeriod_durationInDays,str,34232,0.0,,1.0,999.0,,
ted_main,tenderclassification_description,str,34232,0.0,,,,,
ted_tender_documents,__SUMMARY__,—,34232,0.0,3.0,,,,duplicate_rows=0
ted_tender_documents,_link,str,34232,0.0,34232.0,,,,
ted_tender_documents,_link_main,str,34232,0.0,34232.0,,,,
ted_tender_documents,id,str,34232,99.01,36.0,,,,
ted_tender_milestones,__SUMMARY__,—,34232,0.0,9.0,,,,duplicate_rows=0
ted_tender_milestones,_link,str,34232,0.0,34232.0,,,,
ted_tender_milestones,_link_main,str,34232,0.0,34232.0,,,,
ted_tender_milestones,code,str,34232,0.0,,,,,
ted_tender_milestones,type,str,34232,0.0,,,,,
ted_tender_milestones,title,str,34232,0.0,,,,,
ted_tender_milestones,type.1,str,34232,0.0,,,,,
ted_tender_milestones,dueDate,str,34232,100.0,,,,,
ted_tender_milestones,title.1,str,34232,0.0,,,,,
ted_tender_milestones,dueDate.1,str,34232,100.0,,,,,
ted_tender_participationFee,__SUMMARY__,—,34232,0.0,3.0,,,,duplicate_rows=0
ted_tender_participationFee,_link,str,34232,0.0,34232.0,,,,
ted_tender_participationFee,_link_main,str,34232,0.0,34232.0,,,,
ted_tender_participationFee,multiCurrencyAllowed,str,34232,0.0,,,,,
worldbank_full_jsonl,__SUMMARY__,—,34232,0.19,25.0,,,,duplicate_rows=0
worldbank_full_jsonl,id,str,34232,0.0,34232.0,,,,
worldbank_full_jsonl,ocid,str,34232,0.0,34232.0,,,,
worldbank_full_jsonl,tag,str,34232,0.0,,,,,
worldbank_full_jsonl,date,str,34232,0.0,,,,2022-09-29,2022-09-29
worldbank_full_jsonl,buyer_name,str,34232,0.0,101.0,,,,
worldbank_full_jsonl,fiscal_year,str,34232,0.0,,,,,
worldbank_full_jsonl,Payment Mode,str,34232,0.0,,,,,
worldbank_full_jsonl,initiationType,str,34232,0.0,,,,,
worldbank_full_jsonl,tenderclassification_description,str,34232,0.0,,,,,
worldbank_full_jsonl,tender_id,str,34232,0.0,34232.0,,,,
worldbank_full_jsonl,tender_stage,str,34232,1.13,,,,,
worldbank_full_jsonl,tender_title,str,34232,0.0,,,,,
worldbank_full_jsonl,tender_status,str,34232,100.0,,,,,
worldbank_full_jsonl,tender_value_amount,object,34232,4.62,,0.0,20000000000.0,,
worldbank_full_jsonl,tender_procurementMethod,str,34232,0.0,,,,,
worldbank_full_jsonl,tender_mainProcurementCategory,str,34232,0.0,,,,,
worldbank_full_jsonl,tender_contractType,str,34232,0.0,,,,,
worldbank_full_jsonl,tender_numberOfTenderers,object,34232,7.52,,0.0,1410.0,,
worldbank_full_jsonl,tender_datePublished,str,34232,0.0,,,,2016-04-10,2022-03-31
worldbank_full_jsonl,tender_bidOpening_date,str,34232,0.0,,,,2016-01-06,2022-12-07
worldbank_full_jsonl,tender_tenderPeriod_durationInDays,int64,34232,0.0,,1.0,999.0,,
worldbank_full_jsonl,tender_externalReference,str,34232,0.0,,,,,
worldbank_full_jsonl,tender_allowTwoStageTender,str,34232,0.0,,,,,
worldbank_full_jsonl,tender_allowPreferentialBidder,str,34232,0.0,,,,,
worldbank_full_jsonl,tender_submissionMethodDetails,str,34232,100.0,,,,,
